{"2": {"success": [[2, 0]], "success_rate": 0.2, "success_rate_top3": 0.2, "model_ave_sample_time": 1.0768818855285645, "success_rounds": {"2": 0}, "sampling_time": [[5.443784236907959, 5, 1.0887568473815918], [5.412646770477295, 5, 1.082529354095459], [5.418087482452393, 5, 1.0836174964904786], [5.371821165084839, 5, 1.0743642330169678], [5.372467994689941, 5, 1.0744935989379882], [5.341861248016357, 5, 1.0683722496032715], [5.405305624008179, 5, 1.0810611248016357], [5.372957468032837, 5, 1.0745914936065675], [5.317893743515015, 5, 1.0635787487030028], [5.389242887496948, 5, 1.0778485774993896]], "all_failure_modes": {"0": {}, "1": {}, "2": {"1": [["aligned_bottom", 1, 2]]}, "3": {}, "4": {}, "5": {}, "6": {"1": [["aligned_bottom", 1, 2]]}, "7": {}, "8": {}, "9": {}}, "eval_tries": 9, "visualize": false}, "3": {"success": [], "success_rate": 0.0, "success_rate_top3": 0.0, "model_ave_sample_time": 1.085485315322876, "success_rounds": {}, "sampling_time": [[5.405091762542725, 5, 1.0810183525085448], [5.387109279632568, 5, 1.0774218559265136], [5.52534031867981, 5, 1.105068063735962], [5.403770685195923, 5, 1.0807541370391847], [5.312087059020996, 5, 1.0624174118041991], [5.511892557144165, 5, 1.102378511428833], [5.475727081298828, 5, 1.0951454162597656], [5.422231435775757, 5, 1.0844462871551515], [5.400410890579224, 5, 1.0800821781158447], [5.432804822921753, 5, 1.0865609645843506]], "all_failure_modes": {"0": {}, "1": {"1": [["in", 1, 0], ["in", 2, 0], ["in", 3, 0], ["cfree", 1, 2], ["cfree", 1, 3], ["cfree", 2, 3], ["aligned_bottom", 1, 2], ["aligned_bottom", 1, 3], ["aligned_bottom", 2, 3]]}, "2": {}, "3": {}, "4": {}, "5": {"2": [["in", 1, 0], ["in", 2, 0], ["in", 3, 0], ["cfree", 1, 2], ["cfree", 1, 3], ["cfree", 2, 3], ["aligned_bottom", 2, 3]]}, "6": {}, "7": {}, "8": {}, "9": {}}, "eval_tries": 9, "visualize": false}}