{"2": {"success": [[2, 3]], "success_rate": 0.0, "success_rate_top3": 0.2, "model_ave_sample_time": 2.840220537185669, "success_rounds": {"2": 3}, "sampling_time": [[15.362334966659546, 5, 3.072466993331909], [15.236029863357544, 5, 3.0472059726715086], [15.214552402496338, 5, 3.0429104804992675], [15.274369239807129, 5, 3.0548738479614257], [16.199628829956055, 5, 3.239925765991211], [15.364087104797363, 5, 3.0728174209594727], [15.390985012054443, 5, 3.0781970024108887], [15.201487302780151, 5, 3.0402974605560305], [13.383906126022339, 5, 2.6767812252044676], [5.385962009429932, 5, 1.0771924018859864]], "all_failure_modes": {"0": {}, "1": {}, "2": {"3": [["aligned_bottom", 1, 2]]}, "3": {}, "4": {}, "5": {"3": [["aligned_bottom", 1, 2]]}, "6": {}, "7": {"0": [["in", 1, 0], ["in", 2, 0], ["cfree", 1, 2], ["aligned_bottom", 1, 2]]}, "8": {"0": [["in", 1, 0], ["in", 2, 0], ["cfree", 1, 2], ["aligned_bottom", 1, 2]], "4": [["aligned_bottom", 1, 2]]}, "9": {}}, "eval_tries": 9, "visualize": false}, "3": {"success": [], "success_rate": 0.0, "success_rate_top3": 0.0, "model_ave_sample_time": 1.0738072156906129, "success_rounds": {}, "sampling_time": [[5.4244818687438965, 5, 1.0848963737487793], [5.401592016220093, 5, 1.0803184032440185], [5.414402008056641, 5, 1.082880401611328], [5.379183292388916, 5, 1.0758366584777832], [5.364687919616699, 5, 1.07293758392334], [5.330572843551636, 5, 1.066114568710327], [5.314326763153076, 5, 1.0628653526306153], [5.352331876754761, 5, 1.0704663753509522], [5.355715751647949, 5, 1.0711431503295898], [5.355692625045776, 5, 1.0711385250091552]], "all_failure_modes": {"0": {}, "1": {"3": [["in", 1, 0], ["in", 2, 0], ["in", 3, 0], ["cfree", 1, 2], ["cfree", 1, 3], ["cfree", 2, 3], ["aligned_bottom", 1, 2], ["aligned_bottom", 1, 3], ["aligned_bottom", 2, 3]]}, "2": {"2": [["in", 1, 0], ["in", 2, 0], ["in", 3, 0], ["cfree", 1, 2], ["cfree", 1, 3], ["cfree", 2, 3], ["aligned_bottom", 1, 3], ["aligned_bottom", 2, 3]]}, "3": {}, "4": {}, "5": {"1": [["aligned_bottom", 1, 2], ["aligned_bottom", 2, 3]]}, "6": {}, "7": {}, "8": {}, "9": {"4": [["in", 1, 0], ["in", 2, 0], ["in", 3, 0], ["cfree", 1, 2], ["cfree", 1, 3], ["cfree", 2, 3], ["aligned_bottom", 1, 2], ["aligned_bottom", 1, 3]]}}, "eval_tries": 9, "visualize": false}}