{"2": {"success": [[1, 4]], "success_rate": 0.0, "success_rate_top3": 0.2, "model_ave_sample_time": 2.3724677991867065, "success_rounds": {"1": 4}, "sampling_time": [[15.263522386550903, 5, 3.0527044773101806], [15.31803297996521, 5, 3.063606595993042], [11.039361238479614, 5, 2.207872247695923], [10.969090223312378, 5, 2.1938180446624758], [10.964103937149048, 5, 2.1928207874298096], [10.997956991195679, 5, 2.1995913982391357], [11.040723323822021, 5, 2.2081446647644043], [11.011097431182861, 5, 2.2022194862365723], [10.9551420211792, 5, 2.1910284042358397], [11.067497730255127, 5, 2.2134995460510254]], "all_failure_modes": {"0": {"1": [["aligned_bottom", 1, 2]], "3": [["aligned_bottom", 1, 2]]}, "1": {"0": [["in", 1, 0], ["in", 2, 0], ["cfree", 1, 2], ["aligned_bottom", 1, 2]], "3": [["in", 1, 0], ["in", 2, 0], ["cfree", 1, 2], ["aligned_bottom", 1, 2]], "4": [["aligned_bottom", 1, 2]]}, "2": {}, "3": {"0": [["in", 1, 0], ["in", 2, 0], ["cfree", 1, 2], ["aligned_bottom", 1, 2]], "2": [["aligned_bottom", 1, 2]]}, "4": {"4": [["aligned_bottom", 1, 2]]}, "5": {}, "6": {}, "7": {"0": [["aligned_bottom", 1, 2]], "4": [["aligned_bottom", 1, 2]]}, "8": {}, "9": {"2": [["aligned_bottom", 1, 2]], "4": [["aligned_bottom", 1, 2]]}}, "eval_tries": 9, "visualize": false}, "3": {"success": [], "success_rate": 0.0, "success_rate_top3": 0.0, "model_ave_sample_time": 2.917719707489014, "success_rounds": {}, "sampling_time": [[11.350345373153687, 5, 2.2700690746307375], [12.85719347000122, 5, 2.571438694000244], [15.171058177947998, 5, 3.0342116355895996], [15.39373230934143, 5, 3.078746461868286], [15.043351173400879, 5, 3.0086702346801757], [15.18742036819458, 5, 3.037484073638916], [15.23539423942566, 5, 3.047078847885132], [15.137637615203857, 5, 3.0275275230407717], [15.267646312713623, 5, 3.0535292625427246], [15.24492597579956, 5, 3.0489851951599123]], "all_failure_modes": {"0": {}, "1": {"0": [["in", 1, 0], ["in", 2, 0], ["in", 3, 0], ["cfree", 1, 2], ["cfree", 1, 3], ["cfree", 2, 3], ["aligned_bottom", 1, 2], ["aligned_bottom", 1, 3], ["aligned_bottom", 2, 3]], "1": [["in", 1, 0], ["in", 2, 0], ["in", 3, 0], ["cfree", 1, 2], ["cfree", 1, 3], ["cfree", 2, 3], ["aligned_bottom", 1, 2], ["aligned_bottom", 1, 3], ["aligned_bottom", 2, 3]], "4": [["in", 1, 0], ["in", 2, 0], ["in", 3, 0], ["cfree", 1, 2], ["cfree", 1, 3], ["cfree", 2, 3], ["aligned_bottom", 1, 2], ["aligned_bottom", 1, 3]]}, "2": {}, "3": {}, "4": {}, "5": {}, "6": {}, "7": {}, "8": {}, "9": {"4": [["in", 1, 0], ["in", 2, 0], ["in", 3, 0], ["cfree", 1, 2], ["cfree", 1, 3], ["cfree", 2, 3], ["aligned_bottom", 1, 2], ["aligned_bottom", 1, 3]]}}, "eval_tries": 9, "visualize": false}}