{"2": {"success": [[4, 0], [2, 1]], "success_rate": 0.2, "success_rate_top3": 0.4, "model_ave_sample_time": 2.9771293258666995, "success_rounds": {"4": 0, "2": 1}, "sampling_time": [[12.896753311157227, 5, 2.5793506622314455], [15.229771614074707, 5, 3.0459543228149415], [15.096728801727295, 5, 3.019345760345459], [15.040333986282349, 5, 3.0080667972564696], [15.125162363052368, 5, 3.025032472610474], [15.065502166748047, 5, 3.013100433349609], [15.030225992202759, 5, 3.006045198440552], [15.183751821517944, 5, 3.0367503643035887], [15.11342716217041, 5, 3.022685432434082], [15.076933145523071, 5, 3.015386629104614]], "all_failure_modes": {"0": {"2": [["aligned_bottom", 1, 2]]}, "1": {"0": [["in", 1, 0], ["in", 2, 0], ["cfree", 1, 2], ["aligned_bottom", 1, 2]], "1": [["aligned_bottom", 1, 2]], "3": [["aligned_bottom", 1, 2]]}, "2": {"1": [["aligned_bottom", 1, 2]]}, "3": {}, "4": {}, "5": {"0": [["in", 1, 0], ["in", 2, 0], ["cfree", 1, 2], ["aligned_bottom", 1, 2]]}, "6": {}, "7": {"1": [["aligned_bottom", 1, 2]]}, "8": {}, "9": {}}, "eval_tries": 9, "visualize": false}, "3": {"success": [], "success_rate": 0.0, "success_rate_top3": 0.0, "model_ave_sample_time": 2.316255569458008, "success_rounds": {}, "sampling_time": [[14.121435165405273, 5, 2.8242870330810548], [11.343231916427612, 5, 2.2686463832855224], [11.388792991638184, 5, 2.2777585983276367], [11.148148536682129, 5, 2.229629707336426], [11.332637310028076, 5, 2.266527462005615], [11.331149816513062, 5, 2.2662299633026124], [11.283466100692749, 5, 2.25669322013855], [11.241785287857056, 5, 2.248357057571411], [11.279408931732178, 5, 2.2558817863464355], [11.34533429145813, 5, 2.269066858291626]], "all_failure_modes": {"0": {"1": [["aligned_bottom", 1, 2], ["aligned_bottom", 2, 3]], "3": [["in", 1, 0], ["in", 2, 0], ["in", 3, 0], ["cfree", 1, 2], ["cfree", 1, 3], ["cfree", 2, 3], ["aligned_bottom", 1, 2], ["aligned_bottom", 1, 3], ["aligned_bottom", 2, 3]]}, "1": {}, "2": {"0": [["in", 1, 0], ["in", 2, 0], ["in", 3, 0], ["cfree", 1, 2], ["cfree", 1, 3], ["cfree", 2, 3], ["aligned_bottom", 1, 2], ["aligned_bottom", 1, 3], ["aligned_bottom", 2, 3]], "1": [["in", 1, 0], ["in", 2, 0], ["in", 3, 0], ["cfree", 1, 2], ["cfree", 1, 3], ["cfree", 2, 3], ["aligned_bottom", 1, 2], ["aligned_bottom", 2, 3]]}, "3": {"2": [["in", 1, 0], ["in", 2, 0], ["in", 3, 0], ["cfree", 1, 2], ["cfree", 1, 3], ["cfree", 2, 3], ["aligned_bottom", 1, 2], ["aligned_bottom", 2, 3]]}, "4": {"4": [["in", 1, 0], ["in", 2, 0], ["in", 3, 0], ["cfree", 1, 2], ["cfree", 1, 3], ["cfree", 2, 3], ["aligned_bottom", 1, 2], ["aligned_bottom", 1, 3]]}, "5": {"1": [["aligned_bottom", 1, 2], ["aligned_bottom", 2, 3]]}, "6": {"0": [["in", 1, 0], ["in", 2, 0], ["in", 3, 0], ["cfree", 1, 2], ["cfree", 1, 3], ["cfree", 2, 3], ["aligned_bottom", 1, 2], ["aligned_bottom", 1, 3], ["aligned_bottom", 2, 3]], "3": [["in", 1, 0], ["in", 2, 0], ["in", 3, 0], ["cfree", 1, 2], ["cfree", 1, 3], ["cfree", 2, 3], ["aligned_bottom", 1, 2], ["aligned_bottom", 1, 3], ["aligned_bottom", 2, 3]], "4": [["in", 1, 0], ["in", 2, 0], ["in", 3, 0], ["cfree", 1, 2], ["cfree", 1, 3], ["cfree", 2, 3], ["aligned_bottom", 1, 2], ["aligned_bottom", 1, 3]]}, "7": {}, "8": {}, "9": {}}, "eval_tries": 9, "visualize": false}}