{"2": {"success": [[2, 4]], "success_rate": 0.0, "success_rate_top3": 0.2, "model_ave_sample_time": 1.0797012329101563, "success_rounds": {"2": 4}, "sampling_time": [[5.497271299362183, 5, 1.0994542598724366], [5.394951820373535, 5, 1.078990364074707], [5.525388717651367, 5, 1.1050777435302734], [5.3631980419158936, 5, 1.0726396083831786], [5.372643947601318, 5, 1.0745287895202638], [5.4201531410217285, 5, 1.0840306282043457], [5.394489526748657, 5, 1.0788979053497314], [5.423635244369507, 5, 1.0847270488739014], [5.308938980102539, 5, 1.0617877960205078], [5.286373615264893, 5, 1.0572747230529784]], "all_failure_modes": {"0": {}, "1": {}, "2": {}, "3": {}, "4": {}, "5": {}, "6": {}, "7": {}, "8": {}, "9": {}}, "eval_tries": 9, "visualize": false}, "3": {"success": [], "success_rate": 0.0, "success_rate_top3": 0.0, "model_ave_sample_time": 1.1393166208267211, "success_rounds": {}, "sampling_time": [[5.3601319789886475, 5, 1.0720263957977294], [5.2549147605896, 5, 1.05098295211792], [5.255347967147827, 5, 1.0510695934295655], [5.321643590927124, 5, 1.0643287181854248], [5.368971586227417, 5, 1.0737943172454834], [5.8483452796936035, 5, 1.1696690559387206], [6.203489303588867, 5, 1.2406978607177734], [6.3275065422058105, 5, 1.2655013084411622], [6.105172634124756, 5, 1.2210345268249512], [5.922632455825806, 5, 1.1845264911651612]], "all_failure_modes": {"0": {"0": [["in", 1, 0], ["in", 2, 0], ["in", 3, 0], ["cfree", 1, 2], ["cfree", 1, 3], ["cfree", 2, 3], ["aligned_bottom", 1, 2], ["aligned_bottom", 1, 3]]}, "1": {}, "2": {}, "3": {}, "4": {}, "5": {"0": [["in", 1, 0], ["in", 2, 0], ["in", 3, 0], ["cfree", 1, 2], ["cfree", 1, 3], ["cfree", 2, 3], ["aligned_bottom", 1, 2], ["aligned_bottom", 1, 3], ["aligned_bottom", 2, 3]]}, "6": {}, "7": {}, "8": {}, "9": {}}, "eval_tries": 9, "visualize": false}}