{"2": {"success": [], "success_rate": 0.0, "success_rate_top3": 0.0, "model_ave_sample_time": 1.0884368228912353, "success_rounds": {}, "sampling_time": [[5.426370143890381, 5, 1.0852740287780762], [5.4511353969573975, 5, 1.0902270793914794], [5.436232566833496, 5, 1.0872465133666993], [5.280341863632202, 5, 1.0560683727264404], [5.266499280929565, 5, 1.053299856185913], [5.350111246109009, 5, 1.0700222492218017], [5.465651988983154, 5, 1.093130397796631], [5.933123588562012, 5, 1.1866247177124023], [5.500458002090454, 5, 1.1000916004180907], [5.314014196395874, 5, 1.0628028392791748]], "all_failure_modes": {"0": {}, "1": {"0": [["in", 1, 0], ["in", 2, 0], ["cfree", 1, 2], ["aligned_bottom", 1, 2]]}, "2": {"1": [["aligned_bottom", 1, 2]]}, "3": {}, "4": {}, "5": {}, "6": {}, "7": {"2": [["in", 1, 0], ["in", 2, 0], ["cfree", 1, 2]], "4": [["aligned_bottom", 1, 2]]}, "8": {}, "9": {}}, "eval_tries": 9, "visualize": false}}