{"2": {"success": [[2, 1], [1, 6]], "success_rate": 0.0, "success_rate_top3": 0.4, "model_ave_sample_time": 3.035149598121643, "success_rounds": {"2": 1, "1": 6}, "sampling_time": [[15.155526161193848, 5, 3.0311052322387697], [15.146821737289429, 5, 3.0293643474578857], [15.122577428817749, 5, 3.02451548576355], [15.253808975219727, 5, 3.0507617950439454], [15.14414381980896, 5, 3.028828763961792], [15.300375938415527, 5, 3.0600751876831054], [15.111696243286133, 5, 3.0223392486572265], [15.056846857070923, 5, 3.0113693714141845], [15.285799503326416, 5, 3.057159900665283], [15.182158708572388, 5, 3.0364317417144777]], "all_failure_modes": {"0": {"2": [["aligned_bottom", 1, 2]], "3": [["in", 1, 0], ["in", 2, 0], ["cfree", 1, 2], ["aligned_bottom", 1, 2]], "4": [["aligned_bottom", 1, 2]]}, "1": {"4": [["aligned_bottom", 1, 2]]}, "2": {"0": [["in", 1, 0], ["in", 2, 0], ["cfree", 1, 2], ["aligned_bottom", 1, 2]], "4": [["aligned_bottom", 1, 2]]}, "3": {}, "4": {"3": [["aligned_bottom", 1, 2]], "4": [["aligned_bottom", 1, 2]]}, "5": {"0": [["in", 1, 0], ["in", 2, 0], ["cfree", 1, 2], ["aligned_bottom", 1, 2]], "3": [["aligned_bottom", 1, 2]], "4": [["aligned_bottom", 1, 2]]}, "6": {"0": [["in", 1, 0], ["in", 2, 0], ["cfree", 1, 2], ["aligned_bottom", 1, 2]], "3": [["aligned_bottom", 1, 2]]}, "7": {"3": [["in", 1, 0], ["in", 2, 0], ["cfree", 1, 2], ["aligned_bottom", 1, 2]]}, "8": {"3": [["aligned_bottom", 1, 2]], "4": [["aligned_bottom", 1, 2]]}, "9": {"0": [["in", 1, 0], ["in", 2, 0], ["cfree", 1, 2], ["aligned_bottom", 1, 2]]}}, "eval_tries": 9, "visualize": false}, "3": {"success": [], "success_rate": 0.0, "success_rate_top3": 0.0, "model_ave_sample_time": 2.87530695438385, "success_rounds": {}, "sampling_time": [[15.687001466751099, 5, 3.1374002933502196], [15.471526384353638, 5, 3.0943052768707275], [15.395263671875, 5, 3.079052734375], [15.217655181884766, 5, 3.043531036376953], [15.283925771713257, 5, 3.056785154342651], [15.332261323928833, 5, 3.0664522647857666], [15.406811237335205, 5, 3.081362247467041], [13.717823266983032, 5, 2.7435646533966063], [11.098390102386475, 5, 2.219678020477295], [11.157204389572144, 5, 2.231440877914429]], "all_failure_modes": {"0": {"0": [["in", 1, 0], ["in", 2, 0], ["in", 3, 0], ["cfree", 1, 2], ["cfree", 1, 3], ["cfree", 2, 3], ["aligned_bottom", 1, 2], ["aligned_bottom", 1, 3], ["aligned_bottom", 2, 3]], "1": [["aligned_bottom", 1, 3], ["aligned_bottom", 2, 3]]}, "1": {"1": [["aligned_bottom", 1, 2], ["aligned_bottom", 2, 3]], "4": [["in", 1, 0], ["in", 2, 0], ["in", 3, 0], ["cfree", 1, 2], ["cfree", 1, 3], ["cfree", 2, 3], ["aligned_bottom", 1, 2], ["aligned_bottom", 1, 3]]}, "2": {"2": [["in", 1, 0], ["in", 2, 0], ["in", 3, 0], ["cfree", 1, 2], ["cfree", 1, 3], ["cfree", 2, 3], ["aligned_bottom", 1, 3], ["aligned_bottom", 2, 3]], "3": [["aligned_bottom", 1, 2], ["aligned_bottom", 1, 3], ["aligned_bottom", 2, 3]]}, "3": {}, "4": {"3": [["in", 1, 0], ["in", 2, 0], ["in", 3, 0], ["cfree", 1, 2], ["cfree", 1, 3], ["cfree", 2, 3], ["aligned_bottom", 1, 2], ["aligned_bottom", 1, 3], ["aligned_bottom", 2, 3]]}, "5": {}, "6": {"2": [["in", 1, 0], ["in", 2, 0], ["in", 3, 0], ["cfree", 1, 2], ["cfree", 1, 3], ["cfree", 2, 3], ["aligned_bottom", 1, 3], ["aligned_bottom", 2, 3]], "3": [["in", 1, 0], ["in", 2, 0], ["in", 3, 0], ["cfree", 1, 2], ["cfree", 1, 3], ["cfree", 2, 3], ["aligned_bottom", 1, 2], ["aligned_bottom", 1, 3], ["aligned_bottom", 2, 3]], "4": [["in", 1, 0], ["in", 2, 0], ["in", 3, 0], ["cfree", 1, 2], ["cfree", 1, 3], ["cfree", 2, 3], ["aligned_bottom", 1, 2], ["aligned_bottom", 1, 3]]}, "7": {"4": [["in", 1, 0], ["in", 2, 0], ["in", 3, 0], ["cfree", 1, 2], ["cfree", 1, 3], ["cfree", 2, 3], ["aligned_bottom", 1, 2], ["aligned_bottom", 1, 3]]}, "8": {}, "9": {"1": [["aligned_bottom", 1, 2], ["aligned_bottom", 2, 3]]}}, "eval_tries": 9, "visualize": false}}