{"2": {"success": [[4, 2]], "success_rate": 0.0, "success_rate_top3": 0.2, "model_ave_sample_time": 2.489831261634827, "success_rounds": {"4": 2}, "sampling_time": [[10.918468475341797, 5, 2.183693695068359], [11.095306396484375, 5, 2.219061279296875], [10.991425037384033, 5, 2.1982850074768066], [10.92825198173523, 5, 2.1856503963470457], [11.120723247528076, 5, 2.2241446495056154], [11.494752168655396, 5, 2.298950433731079], [12.808634996414185, 5, 2.561726999282837], [15.21257734298706, 5, 3.0425154685974123], [14.982322216033936, 5, 2.9964644432067873], [14.94230604171753, 5, 2.988461208343506]], "all_failure_modes": {"0": {"0": [["in", 1, 0], ["in", 2, 0], ["cfree", 1, 2], ["aligned_bottom", 1, 2]], "1": [["aligned_bottom", 1, 2]], "2": [["in", 1, 0], ["in", 2, 0], ["cfree", 1, 2]]}, "1": {}, "2": {"1": [["aligned_bottom", 1, 2]]}, "3": {}, "4": {}, "5": {"3": [["aligned_bottom", 1, 2]]}, "6": {}, "7": {}, "8": {}, "9": {"0": [["in", 1, 0], ["in", 2, 0], ["cfree", 1, 2], ["aligned_bottom", 1, 2]]}}, "eval_tries": 9, "visualize": false}, "3": {"success": [], "success_rate": 0.0, "success_rate_top3": 0.0, "model_ave_sample_time": 3.00283926486969, "success_rounds": {}, "sampling_time": [[15.06969141960144, 5, 3.013938283920288], [15.014742374420166, 5, 3.0029484748840334], [14.968611001968384, 5, 2.9937222003936768], [14.941972732543945, 5, 2.988394546508789], [14.93141484260559, 5, 2.986282968521118], [14.945005416870117, 5, 2.9890010833740233], [14.946635723114014, 5, 2.989327144622803], [15.057600259780884, 5, 3.0115200519561767], [15.112372159957886, 5, 3.022474431991577], [15.1562020778656, 5, 3.0312404155731203]], "all_failure_modes": {"0": {"4": [["in", 1, 0], ["in", 2, 0], ["in", 3, 0], ["cfree", 1, 2], ["cfree", 1, 3], ["cfree", 2, 3], ["aligned_bottom", 1, 2], ["aligned_bottom", 1, 3]]}, "1": {}, "2": {"0": [["in", 1, 0], ["in", 2, 0], ["in", 3, 0], ["cfree", 1, 2], ["cfree", 1, 3], ["cfree", 2, 3], ["aligned_bottom", 1, 2], ["aligned_bottom", 1, 3], ["aligned_bottom", 2, 3]]}, "3": {"4": [["in", 1, 0], ["in", 2, 0], ["in", 3, 0], ["cfree", 1, 2], ["cfree", 1, 3], ["cfree", 2, 3], ["aligned_bottom", 1, 2], ["aligned_bottom", 1, 3]]}, "4": {}, "5": {"2": [["in", 1, 0], ["in", 2, 0], ["in", 3, 0], ["cfree", 1, 2], ["cfree", 1, 3], ["cfree", 2, 3], ["aligned_bottom", 1, 3], ["aligned_bottom", 2, 3]]}, "6": {}, "7": {}, "8": {}, "9": {"4": [["in", 1, 0], ["in", 2, 0], ["in", 3, 0], ["cfree", 1, 2], ["cfree", 1, 3], ["cfree", 2, 3], ["aligned_bottom", 1, 2], ["aligned_bottom", 1, 3]]}}, "eval_tries": 9, "visualize": false}}