{"2": {"success": [], "success_rate": 0.0, "success_rate_top3": 0.0, "model_ave_sample_time": 2.6272901153564456, "success_rounds": {}, "sampling_time": [[15.268975973129272, 5, 3.0537951946258546], [15.140204906463623, 5, 3.0280409812927247], [15.098723649978638, 5, 3.0197447299957276], [15.042900800704956, 5, 3.0085801601409914], [15.08726453781128, 5, 3.017452907562256], [11.746648788452148, 5, 2.3493297576904295], [10.99855661392212, 5, 2.199711322784424], [11.023435592651367, 5, 2.2046871185302734], [10.919026613235474, 5, 2.183805322647095], [11.04082465171814, 5, 2.208164930343628]], "all_failure_modes": {"0": {}, "1": {"1": [["aligned_bottom", 1, 2]]}, "2": {"1": [["aligned_bottom", 1, 2]]}, "3": {"0": [["in", 1, 0], ["in", 2, 0], ["cfree", 1, 2], ["aligned_bottom", 1, 2]], "1": [["aligned_bottom", 1, 2]]}, "4": {"0": [["in", 1, 0], ["in", 2, 0], ["cfree", 1, 2], ["aligned_bottom", 1, 2]]}, "5": {"1": [["aligned_bottom", 1, 2]], "3": [["aligned_bottom", 1, 2]]}, "6": {}, "7": {}, "8": {}, "9": {"1": [["aligned_bottom", 1, 2]]}}, "eval_tries": 9, "visualize": false}}