{"2": {"success": [[2, 8]], "success_rate": 0.0, "success_rate_top3": 0.2, "model_ave_sample_time": 2.3118950366973876, "success_rounds": {"2": 8}, "sampling_time": [[10.871536016464233, 5, 2.1743072032928468], [10.825671195983887, 5, 2.165134239196777], [10.82770562171936, 5, 2.1655411243438722], [10.802695512771606, 5, 2.1605391025543215], [10.906434297561646, 5, 2.181286859512329], [10.827692031860352, 5, 2.1655384063720704], [10.81224799156189, 5, 2.162449598312378], [10.783910036087036, 5, 2.1567820072174073], [13.83983564376831, 5, 2.767967128753662], [15.099179029464722, 5, 3.0198358058929444]], "all_failure_modes": {"0": {}, "1": {"1": [["aligned_bottom", 1, 2]], "3": [["aligned_bottom", 1, 2]]}, "2": {}, "3": {"0": [["in", 1, 0], ["in", 2, 0], ["cfree", 1, 2], ["aligned_bottom", 1, 2]], "4": [["aligned_bottom", 1, 2]]}, "4": {"3": [["aligned_bottom", 1, 2]]}, "5": {"2": [["aligned_bottom", 1, 2]]}, "6": {"0": [["in", 1, 0], ["in", 2, 0], ["cfree", 1, 2], ["aligned_bottom", 1, 2]]}, "7": {"3": [["aligned_bottom", 1, 2]], "4": [["aligned_bottom", 1, 2]]}, "8": {"0": [["in", 1, 0], ["in", 2, 0], ["cfree", 1, 2], ["aligned_bottom", 1, 2]]}, "9": {"4": [["aligned_bottom", 1, 2]]}}, "eval_tries": 9, "visualize": false}, "3": {"success": [], "success_rate": 0.0, "success_rate_top3": 0.0, "model_ave_sample_time": 2.939421010017395, "success_rounds": {}, "sampling_time": [[15.170788049697876, 5, 3.0341576099395753], [15.302395820617676, 5, 3.060479164123535], [15.475059270858765, 5, 3.095011854171753], [15.27814245223999, 5, 3.0556284904479982], [15.102919578552246, 5, 3.020583915710449], [15.186703205108643, 5, 3.0373406410217285], [15.182750225067139, 5, 3.0365500450134277], [15.39472484588623, 5, 3.078944969177246], [13.397396802902222, 5, 2.6794793605804443], [11.482633590698242, 5, 2.2965267181396483]], "all_failure_modes": {"0": {"2": [["in", 1, 0], ["in", 2, 0], ["in", 3, 0], ["cfree", 1, 2], ["cfree", 1, 3], ["cfree", 2, 3], ["aligned_bottom", 2, 3]]}, "1": {}, "2": {}, "3": {}, "4": {}, "5": {}, "6": {}, "7": {}, "8": {}, "9": {}}, "eval_tries": 9, "visualize": false}}