{"2": {"success": [[4, 6], [1, 8]], "success_rate": 0.0, "success_rate_top3": 0.4, "model_ave_sample_time": 2.8797082138061523, "success_rounds": {"4": 6, "1": 8}, "sampling_time": [[11.015362977981567, 5, 2.2030725955963133], [11.264250040054321, 5, 2.2528500080108644], [15.234057664871216, 5, 3.0468115329742433], [15.414043664932251, 5, 3.08280873298645], [15.313840627670288, 5, 3.0627681255340575], [15.28404951095581, 5, 3.056809902191162], [15.152673482894897, 5, 3.0305346965789797], [15.034895420074463, 5, 3.0069790840148927], [15.126418590545654, 5, 3.0252837181091308], [15.148151159286499, 5, 3.0296302318572996]], "all_failure_modes": {"0": {}, "1": {}, "2": {}, "3": {"3": [["aligned_bottom", 1, 2]]}, "4": {"4": [["aligned_bottom", 1, 2]]}, "5": {"3": [["aligned_bottom", 1, 2]]}, "6": {"2": [["aligned_bottom", 1, 2]]}, "7": {}, "8": {}, "9": {"2": [["aligned_bottom", 1, 2]]}}, "eval_tries": 9, "visualize": false}, "3": {"success": [], "success_rate": 0.0, "success_rate_top3": 0.0, "model_ave_sample_time": 2.5525758695602416, "success_rounds": {}, "sampling_time": [[15.225535869598389, 5, 3.0451071739196776], [15.206764221191406, 5, 3.0413528442382813], [11.660069942474365, 5, 2.332013988494873], [11.196025609970093, 5, 2.2392051219940186], [12.204716920852661, 5, 2.440943384170532], [12.483330726623535, 5, 2.496666145324707], [12.447019577026367, 5, 2.4894039154052736], [12.528303861618042, 5, 2.5056607723236084], [12.406509399414062, 5, 2.4813018798828126], [12.27401065826416, 5, 2.454802131652832]], "all_failure_modes": {"0": {"3": [["in", 1, 0], ["in", 2, 0], ["in", 3, 0], ["cfree", 1, 2], ["cfree", 1, 3], ["cfree", 2, 3], ["aligned_bottom", 1, 2], ["aligned_bottom", 1, 3], ["aligned_bottom", 2, 3]]}, "1": {}, "2": {}, "3": {"1": [["aligned_bottom", 1, 2], ["aligned_bottom", 1, 3], ["aligned_bottom", 2, 3]]}, "4": {"0": [["in", 1, 0], ["in", 2, 0], ["in", 3, 0], ["cfree", 1, 2], ["cfree", 1, 3], ["cfree", 2, 3], ["aligned_bottom", 1, 2], ["aligned_bottom", 1, 3], ["aligned_bottom", 2, 3]], "1": [["in", 1, 0], ["in", 2, 0], ["in", 3, 0], ["cfree", 1, 2], ["cfree", 1, 3], ["cfree", 2, 3], ["aligned_bottom", 1, 2], ["aligned_bottom", 2, 3]]}, "5": {}, "6": {"4": [["in", 1, 0], ["in", 2, 0], ["in", 3, 0], ["cfree", 1, 2], ["cfree", 1, 3], ["cfree", 2, 3], ["aligned_bottom", 1, 2], ["aligned_bottom", 1, 3]]}, "7": {}, "8": {}, "9": {"3": [["in", 1, 0], ["in", 2, 0], ["in", 3, 0], ["cfree", 1, 2], ["cfree", 1, 3], ["cfree", 2, 3], ["aligned_bottom", 1, 2], ["aligned_bottom", 1, 3], ["aligned_bottom", 2, 3]]}}, "eval_tries": 9, "visualize": false}}