{"2": {"success": [[2, 5], [4, 6]], "success_rate": 0.0, "success_rate_top3": 0.4, "model_ave_sample_time": 2.9450325632095335, "success_rounds": {"2": 5, "4": 6}, "sampling_time": [[15.21867299079895, 5, 3.04373459815979], [15.322733163833618, 5, 3.0645466327667235], [15.382286310195923, 5, 3.0764572620391846], [15.790460348129272, 5, 3.1580920696258543], [15.421226739883423, 5, 3.0842453479766845], [15.939979791641235, 5, 3.187995958328247], [15.678377628326416, 5, 3.1356755256652833], [15.456907510757446, 5, 3.0913815021514894], [11.594589948654175, 5, 2.318917989730835], [11.44874906539917, 5, 2.289749813079834]], "all_failure_modes": {"0": {"0": [["in", 1, 0], ["in", 2, 0], ["cfree", 1, 2], ["aligned_bottom", 1, 2]], "4": [["aligned_bottom", 1, 2]]}, "1": {"0": [["aligned_bottom", 1, 2]], "1": [["aligned_bottom", 1, 2]]}, "2": {"4": [["aligned_bottom", 1, 2]]}, "3": {"1": [["aligned_bottom", 1, 2]], "2": [["in", 1, 0], ["in", 2, 0], ["cfree", 1, 2]], "3": [["aligned_bottom", 1, 2]]}, "4": {"3": [["aligned_bottom", 1, 2]]}, "5": {"1": [["aligned_bottom", 1, 2]], "4": [["aligned_bottom", 1, 2]]}, "6": {}, "7": {"0": [["aligned_bottom", 1, 2]], "1": [["aligned_bottom", 1, 2]], "3": [["aligned_bottom", 1, 2]]}, "8": {"0": [["in", 1, 0], ["in", 2, 0], ["cfree", 1, 2], ["aligned_bottom", 1, 2]], "1": [["aligned_bottom", 1, 2]], "3": [["aligned_bottom", 1, 2]]}, "9": {"1": [["aligned_bottom", 1, 2]]}}, "eval_tries": 9, "visualize": false}, "3": {"success": [], "success_rate": 0.0, "success_rate_top3": 0.0, "model_ave_sample_time": 2.438686122894287, "success_rounds": {}, "sampling_time": [[11.324156999588013, 5, 2.2648313999176026], [11.242087364196777, 5, 2.2484174728393556], [11.457701444625854, 5, 2.291540288925171], [11.277303457260132, 5, 2.2554606914520265], [11.173767566680908, 5, 2.2347535133361816], [11.196393251419067, 5, 2.2392786502838136], [11.144842863082886, 5, 2.2289685726165773], [12.795808553695679, 5, 2.5591617107391356], [15.149887323379517, 5, 3.0299774646759032], [15.176097631454468, 5, 3.0352195262908936]], "all_failure_modes": {"0": {"1": [["aligned_bottom", 2, 3]]}, "1": {"1": [["in", 1, 0], ["in", 2, 0], ["in", 3, 0], ["cfree", 1, 2], ["cfree", 1, 3], ["cfree", 2, 3], ["aligned_bottom", 1, 2], ["aligned_bottom", 2, 3]], "3": [["in", 1, 0], ["in", 2, 0], ["in", 3, 0], ["cfree", 1, 2], ["cfree", 1, 3], ["cfree", 2, 3], ["aligned_bottom", 1, 2], ["aligned_bottom", 1, 3], ["aligned_bottom", 2, 3]]}, "2": {"0": [["in", 1, 0], ["in", 2, 0], ["in", 3, 0], ["cfree", 1, 2], ["cfree", 1, 3], ["cfree", 2, 3], ["aligned_bottom", 1, 3], ["aligned_bottom", 2, 3]], "1": [["aligned_bottom", 1, 2], ["aligned_bottom", 2, 3]], "3": [["in", 1, 0], ["in", 2, 0], ["in", 3, 0], ["cfree", 1, 2], ["cfree", 1, 3], ["cfree", 2, 3], ["aligned_bottom", 1, 2], ["aligned_bottom", 1, 3], ["aligned_bottom", 2, 3]]}, "3": {"0": [["in", 1, 0], ["in", 2, 0], ["in", 3, 0], ["cfree", 1, 2], ["cfree", 1, 3], ["cfree", 2, 3], ["aligned_bottom", 1, 2], ["aligned_bottom", 1, 3]]}, "4": {"1": [["in", 1, 0], ["in", 2, 0], ["in", 3, 0], ["cfree", 1, 2], ["cfree", 1, 3], ["cfree", 2, 3], ["aligned_bottom", 1, 2], ["aligned_bottom", 1, 3], ["aligned_bottom", 2, 3]]}, "5": {"2": [["in", 1, 0], ["in", 2, 0], ["in", 3, 0], ["cfree", 1, 2], ["cfree", 1, 3], ["cfree", 2, 3], ["aligned_bottom", 1, 3], ["aligned_bottom", 2, 3]]}, "6": {"2": [["in", 1, 0], ["in", 2, 0], ["in", 3, 0], ["cfree", 1, 2], ["cfree", 1, 3], ["cfree", 2, 3], ["aligned_bottom", 1, 3], ["aligned_bottom", 2, 3]], "4": [["in", 1, 0], ["in", 2, 0], ["in", 3, 0], ["cfree", 1, 2], ["cfree", 1, 3], ["cfree", 2, 3], ["aligned_bottom", 1, 3], ["aligned_bottom", 2, 3]]}, "7": {"2": [["in", 1, 0], ["in", 2, 0], ["in", 3, 0], ["cfree", 1, 2], ["cfree", 1, 3], ["cfree", 2, 3], ["aligned_bottom", 1, 3], ["aligned_bottom", 2, 3]]}, "8": {"1": [["aligned_bottom", 1, 2], ["aligned_bottom", 2, 3]]}, "9": {"0": [["in", 1, 0], ["in", 2, 0], ["in", 3, 0], ["cfree", 1, 2], ["cfree", 1, 3], ["cfree", 2, 3], ["aligned_bottom", 1, 2], ["aligned_bottom", 1, 3], ["aligned_bottom", 2, 3]]}}, "eval_tries": 9, "visualize": false}}