{"2": {"success": [], "success_rate": 0.0, "success_rate_top3": 0.0, "model_ave_sample_time": 1.0691397094726562, "success_rounds": {}, "sampling_time": [[5.345495939254761, 5, 1.0690991878509521], [5.460840940475464, 5, 1.0921681880950929], [5.363605499267578, 5, 1.0727210998535157], [5.309193134307861, 5, 1.0618386268615723], [5.391052722930908, 5, 1.0782105445861816], [5.287921667098999, 5, 1.0575843334197998], [5.3189377784729, 5, 1.0637875556945802], [5.244743824005127, 5, 1.0489487648010254], [5.368207216262817, 5, 1.0736414432525634], [5.368973970413208, 5, 1.0737947940826416]], "all_failure_modes": {"0": {"0": [["in", 1, 0], ["in", 2, 0], ["cfree", 1, 2], ["aligned_bottom", 1, 2]]}, "1": {}, "2": {"4": [["aligned_bottom", 1, 2]]}, "3": {}, "4": {}, "5": {"1": [["aligned_bottom", 1, 2]]}, "6": {"4": [["aligned_bottom", 1, 2]]}, "7": {}, "8": {}, "9": {}}, "eval_tries": 9, "visualize": false}}