{"2": {"success": [[1, 2], [4, 4]], "success_rate": 0.0, "success_rate_top3": 0.4, "model_ave_sample_time": 2.591776180267334, "success_rounds": {"1": 2, "4": 4}, "sampling_time": [[15.290391206741333, 5, 3.058078241348267], [15.140979528427124, 5, 3.0281959056854246], [16.147544860839844, 5, 3.229508972167969], [13.645232200622559, 5, 2.729046440124512], [12.033549547195435, 5, 2.406709909439087], [11.269941806793213, 5, 2.2539883613586427], [11.936505794525146, 5, 2.3873011589050295], [11.686903953552246, 5, 2.337380790710449], [11.159806966781616, 5, 2.231961393356323], [11.280381441116333, 5, 2.256076288223267]], "all_failure_modes": {"0": {"0": [["in", 1, 0], ["in", 2, 0], ["cfree", 1, 2], ["aligned_bottom", 1, 2]], "3": [["aligned_bottom", 1, 2]], "4": [["aligned_bottom", 1, 2]]}, "1": {"1": [["aligned_bottom", 1, 2]], "4": [["aligned_bottom", 1, 2]]}, "2": {"3": [["aligned_bottom", 1, 2]], "4": [["aligned_bottom", 1, 2]]}, "3": {"3": [["aligned_bottom", 1, 2]]}, "4": {"0": [["in", 1, 0], ["in", 2, 0], ["cfree", 1, 2], ["aligned_bottom", 1, 2]]}, "5": {"3": [["aligned_bottom", 1, 2]]}, "6": {}, "7": {}, "8": {}, "9": {}}, "eval_tries": 9, "visualize": false}, "3": {"success": [], "success_rate": 0.0, "success_rate_top3": 0.0, "model_ave_sample_time": 2.8769856309890747, "success_rounds": {}, "sampling_time": [[11.211526870727539, 5, 2.242305374145508], [11.400277376174927, 5, 2.2800554752349855], [13.312074899673462, 5, 2.6624149799346926], [15.45655608177185, 5, 3.09131121635437], [16.13532280921936, 5, 3.2270645618438722], [15.324936151504517, 5, 3.064987230300903], [15.175689220428467, 5, 3.0351378440856935], [15.1476731300354, 5, 3.02953462600708], [15.246557474136353, 5, 3.0493114948272706], [15.441219329833984, 5, 3.088243865966797]], "all_failure_modes": {"0": {"4": [["in", 1, 0], ["in", 2, 0], ["in", 3, 0], ["cfree", 1, 2], ["cfree", 1, 3], ["cfree", 2, 3], ["aligned_bottom", 1, 2], ["aligned_bottom", 1, 3]]}, "1": {}, "2": {"2": [["in", 1, 0], ["in", 2, 0], ["in", 3, 0], ["cfree", 1, 2], ["cfree", 1, 3], ["cfree", 2, 3], ["aligned_bottom", 1, 3], ["aligned_bottom", 2, 3]]}, "3": {}, "4": {}, "5": {}, "6": {}, "7": {}, "8": {}, "9": {}}, "eval_tries": 9, "visualize": false}}