{"2": {"success": [[4, 0], [2, 8]], "success_rate": 0.2, "success_rate_top3": 0.4, "model_ave_sample_time": 2.790739550590515, "success_rounds": {"4": 0, "2": 8}, "sampling_time": [[15.206368923187256, 5, 3.0412737846374513], [15.204608917236328, 5, 3.0409217834472657], [16.06840968132019, 5, 3.213681936264038], [16.46864914894104, 5, 3.293729829788208], [15.923241138458252, 5, 3.1846482276916506], [15.4154953956604, 5, 3.0830990791320803], [11.911019563674927, 5, 2.3822039127349854], [11.297651767730713, 5, 2.2595303535461424], [11.001999378204346, 5, 2.200399875640869], [11.041984558105469, 5, 2.2083969116210938]], "all_failure_modes": {"0": {}, "1": {}, "2": {}, "3": {"1": [["aligned_bottom", 1, 2]], "3": [["aligned_bottom", 1, 2]]}, "4": {}, "5": {}, "6": {"1": [["aligned_bottom", 1, 2]]}, "7": {}, "8": {}, "9": {}}, "eval_tries": 9, "visualize": false}, "3": {"success": [], "success_rate": 0.0, "success_rate_top3": 0.0, "model_ave_sample_time": 2.626997413635254, "success_rounds": {}, "sampling_time": [[11.852221965789795, 5, 2.370444393157959], [11.202331781387329, 5, 2.240466356277466], [11.042189359664917, 5, 2.2084378719329836], [11.194466829299927, 5, 2.2388933658599854], [11.173528671264648, 5, 2.2347057342529295], [12.128177642822266, 5, 2.4256355285644533], [16.398746252059937, 5, 3.2797492504119874], [15.59936809539795, 5, 3.11987361907959], [15.265510082244873, 5, 3.0531020164489746], [15.497771501541138, 5, 3.0995543003082275]], "all_failure_modes": {"0": {"4": [["in", 1, 0], ["in", 2, 0], ["in", 3, 0], ["cfree", 1, 2], ["cfree", 1, 3], ["cfree", 2, 3], ["aligned_bottom", 1, 2], ["aligned_bottom", 1, 3]]}, "1": {}, "2": {"1": [["aligned_bottom", 1, 2], ["aligned_bottom", 2, 3]]}, "3": {}, "4": {}, "5": {}, "6": {}, "7": {}, "8": {"1": [["aligned_bottom", 1, 2], ["aligned_bottom", 2, 3]]}, "9": {}}, "eval_tries": 9, "visualize": false}}