{"2": {"success": [[4, 1], [1, 2], [2, 3]], "success_rate": 0.0, "success_rate_top3": 0.6, "model_ave_sample_time": 2.6904366493225096, "success_rounds": {"4": 1, "1": 2, "2": 3}, "sampling_time": [[11.092726707458496, 5, 2.218545341491699], [11.160886764526367, 5, 2.2321773529052735], [11.30752682685852, 5, 2.261505365371704], [11.431471586227417, 5, 2.2862943172454835], [11.39964485168457, 5, 2.279928970336914], [15.552796840667725, 5, 3.110559368133545], [15.140477418899536, 5, 3.0280954837799072], [15.294548988342285, 5, 3.058909797668457], [16.052039861679077, 5, 3.2104079723358154], [16.092021942138672, 5, 3.2184043884277345]], "all_failure_modes": {"0": {"0": [["in", 1, 0], ["in", 2, 0], ["cfree", 1, 2], ["aligned_bottom", 1, 2]], "2": [["aligned_bottom", 1, 2]], "3": [["aligned_bottom", 1, 2]]}, "1": {"1": [["aligned_bottom", 1, 2]]}, "2": {"3": [["aligned_bottom", 1, 2]]}, "3": {"0": [["in", 1, 0], ["in", 2, 0], ["cfree", 1, 2], ["aligned_bottom", 1, 2]], "3": [["in", 1, 0], ["in", 2, 0], ["cfree", 1, 2], ["aligned_bottom", 1, 2]]}, "4": {"3": [["in", 1, 0], ["in", 2, 0], ["cfree", 1, 2], ["aligned_bottom", 1, 2]]}, "5": {"3": [["aligned_bottom", 1, 2]]}, "6": {}, "7": {"0": [["in", 1, 0], ["in", 2, 0], ["cfree", 1, 2], ["aligned_bottom", 1, 2]], "3": [["aligned_bottom", 1, 2]]}, "8": {"3": [["aligned_bottom", 1, 2]]}, "9": {"3": [["aligned_bottom", 1, 2]]}}, "eval_tries": 9, "visualize": false}, "3": {"success": [[1, 7]], "success_rate": 0.0, "success_rate_top3": 0.2, "model_ave_sample_time": 3.068302321434021, "success_rounds": {"1": 7}, "sampling_time": [[15.540528535842896, 5, 3.108105707168579], [15.260617017745972, 5, 3.0521234035491944], [15.098963260650635, 5, 3.019792652130127], [15.199963331222534, 5, 3.039992666244507], [15.351104974746704, 5, 3.0702209949493406], [15.325369119644165, 5, 3.065073823928833], [15.243278980255127, 5, 3.048655796051025], [15.24487853050232, 5, 3.048975706100464], [15.334390640258789, 5, 3.0668781280517576], [15.818310499191284, 5, 3.1636620998382567]], "all_failure_modes": {"0": {"3": [["aligned_bottom", 1, 2], ["aligned_bottom", 1, 3], ["aligned_bottom", 2, 3]], "4": [["in", 1, 0], ["in", 2, 0], ["in", 3, 0], ["cfree", 1, 2], ["cfree", 1, 3], ["cfree", 2, 3], ["aligned_bottom", 1, 2], ["aligned_bottom", 1, 3]]}, "1": {"0": [["in", 1, 0], ["in", 2, 0], ["in", 3, 0], ["cfree", 1, 2], ["cfree", 1, 3], ["cfree", 2, 3], ["aligned_bottom", 1, 2], ["aligned_bottom", 1, 3], ["aligned_bottom", 2, 3]], "1": [["in", 1, 0], ["in", 2, 0], ["in", 3, 0], ["cfree", 1, 2], ["cfree", 1, 3], ["cfree", 2, 3], ["aligned_bottom", 1, 2], ["aligned_bottom", 2, 3]], "2": [["in", 1, 0], ["in", 2, 0], ["in", 3, 0], ["cfree", 1, 2], ["cfree", 1, 3], ["cfree", 2, 3], ["aligned_bottom", 1, 3], ["aligned_bottom", 2, 3]], "3": [["in", 1, 0], ["in", 2, 0], ["in", 3, 0], ["cfree", 1, 2], ["cfree", 1, 3], ["cfree", 2, 3], ["aligned_bottom", 1, 2], ["aligned_bottom", 1, 3], ["aligned_bottom", 2, 3]]}, "2": {}, "3": {"4": [["in", 1, 0], ["in", 2, 0], ["in", 3, 0], ["cfree", 1, 2], ["cfree", 1, 3], ["cfree", 2, 3], ["aligned_bottom", 1, 2], ["aligned_bottom", 1, 3]]}, "4": {"0": [["in", 1, 0], ["in", 2, 0], ["in", 3, 0], ["cfree", 1, 2], ["cfree", 1, 3], ["cfree", 2, 3], ["aligned_bottom", 1, 2], ["aligned_bottom", 1, 3], ["aligned_bottom", 2, 3]], "4": [["in", 1, 0], ["in", 2, 0], ["in", 3, 0], ["cfree", 1, 2], ["cfree", 1, 3], ["cfree", 2, 3], ["aligned_bottom", 1, 2], ["aligned_bottom", 1, 3]]}, "5": {"2": [["in", 1, 0], ["in", 2, 0], ["in", 3, 0], ["cfree", 1, 2], ["cfree", 1, 3], ["cfree", 2, 3], ["aligned_bottom", 1, 2], ["aligned_bottom", 2, 3]]}, "6": {"4": [["in", 1, 0], ["in", 2, 0], ["in", 3, 0], ["cfree", 1, 2], ["cfree", 1, 3], ["cfree", 2, 3], ["aligned_bottom", 1, 2], ["aligned_bottom", 1, 3]]}, "7": {"2": [["in", 1, 0], ["in", 2, 0], ["in", 3, 0], ["cfree", 1, 2], ["cfree", 1, 3], ["cfree", 2, 3], ["aligned_bottom", 1, 2], ["aligned_bottom", 1, 3], ["aligned_bottom", 2, 3]], "3": [["in", 1, 0], ["in", 2, 0], ["in", 3, 0], ["cfree", 1, 2], ["cfree", 1, 3], ["cfree", 2, 3], ["aligned_bottom", 1, 2], ["aligned_bottom", 1, 3], ["aligned_bottom", 2, 3]], "4": [["in", 1, 0], ["in", 2, 0], ["in", 3, 0], ["cfree", 1, 2], ["cfree", 1, 3], ["cfree", 2, 3], ["aligned_bottom", 1, 2], ["aligned_bottom", 1, 3]]}, "8": {"4": [["in", 1, 0], ["in", 2, 0], ["in", 3, 0], ["cfree", 1, 2], ["cfree", 1, 3], ["cfree", 2, 3], ["aligned_bottom", 1, 2], ["aligned_bottom", 1, 3]]}, "9": {"3": [["in", 1, 0], ["in", 2, 0], ["in", 3, 0], ["cfree", 1, 2], ["cfree", 1, 3], ["cfree", 2, 3], ["aligned_bottom", 1, 2], ["aligned_bottom", 1, 3], ["aligned_bottom", 2, 3]]}}, "eval_tries": 9, "visualize": false}, "4": {"success": [], "success_rate": 0.0, "success_rate_top3": 0.0, "model_ave_sample_time": 2.7903731966018674, "success_rounds": {}, "sampling_time": [[16.17133355140686, 5, 3.2342667102813722], [16.089245796203613, 5, 3.2178491592407226], [16.2719509601593, 5, 3.2543901920318605], [16.19437861442566, 5, 3.238875722885132], [16.29193902015686, 5, 3.258387804031372], [12.519437551498413, 5, 2.5038875102996827], [11.448592901229858, 5, 2.289718580245972], [11.634796857833862, 5, 2.3269593715667725], [11.482517957687378, 5, 2.2965035915374754], [11.417568445205688, 5, 2.2835136890411376]], "all_failure_modes": {"0": {"3": [["in", 1, 0], ["in", 2, 0], ["in", 3, 0], ["in", 4, 0], ["cfree", 1, 2], ["cfree", 1, 3], ["cfree", 1, 4], ["cfree", 2, 3], ["cfree", 2, 4], ["cfree", 3, 4], ["aligned_bottom", 1, 2], ["aligned_bottom", 1, 3], ["aligned_bottom", 2, 3], ["aligned_bottom", 2, 4], ["aligned_bottom", 3, 4]]}, "1": {"0": [["in", 1, 0], ["in", 2, 0], ["in", 3, 0], ["in", 4, 0], ["cfree", 1, 2], ["cfree", 1, 3], ["cfree", 1, 4], ["cfree", 2, 3], ["cfree", 2, 4], ["cfree", 3, 4], ["aligned_bottom", 1, 2], ["aligned_bottom", 1, 3], ["aligned_bottom", 1, 4], ["aligned_bottom", 2, 3], ["aligned_bottom", 2, 4]], "1": [["in", 1, 0], ["in", 2, 0], ["in", 3, 0], ["in", 4, 0], ["cfree", 1, 2], ["cfree", 1, 3], ["cfree", 1, 4], ["cfree", 2, 3], ["cfree", 2, 4], ["cfree", 3, 4], ["aligned_bottom", 1, 4], ["aligned_bottom", 2, 4], ["aligned_bottom", 3, 4]], "2": [["in", 1, 0], ["in", 2, 0], ["in", 3, 0], ["in", 4, 0], ["cfree", 1, 2], ["cfree", 1, 3], ["cfree", 1, 4], ["cfree", 2, 3], ["cfree", 2, 4], ["cfree", 3, 4], ["aligned_bottom", 1, 3], ["aligned_bottom", 1, 4], ["aligned_bottom", 2, 3], ["aligned_bottom", 2, 4]], "3": [["in", 1, 0], ["in", 2, 0], ["in", 3, 0], ["in", 4, 0], ["cfree", 1, 2], ["cfree", 1, 3], ["cfree", 1, 4], ["cfree", 2, 3], ["cfree", 2, 4], ["cfree", 3, 4], ["aligned_bottom", 1, 2], ["aligned_bottom", 1, 3], ["aligned_bottom", 1, 4], ["aligned_bottom", 2, 3], ["aligned_bottom", 2, 4], ["aligned_bottom", 3, 4]]}, "2": {"0": [["in", 1, 0], ["in", 2, 0], ["in", 3, 0], ["in", 4, 0], ["cfree", 1, 2], ["cfree", 1, 3], ["cfree", 1, 4], ["cfree", 2, 3], ["cfree", 2, 4], ["cfree", 3, 4], ["aligned_bottom", 1, 2], ["aligned_bottom", 1, 3], ["aligned_bottom", 1, 4], ["aligned_bottom", 2, 3], ["aligned_bottom", 2, 4], ["aligned_bottom", 3, 4]], "2": [["in", 1, 0], ["in", 2, 0], ["in", 3, 0], ["in", 4, 0], ["cfree", 1, 2], ["cfree", 1, 3], ["cfree", 1, 4], ["cfree", 2, 3], ["cfree", 2, 4], ["cfree", 3, 4], ["aligned_bottom", 1, 2], ["aligned_bottom", 1, 3], ["aligned_bottom", 2, 3], ["aligned_bottom", 2, 4]]}, "3": {"1": [["aligned_bottom", 1, 2], ["aligned_bottom", 1, 4], ["aligned_bottom", 2, 3], ["aligned_bottom", 2, 4], ["aligned_bottom", 3, 4]], "3": [["in", 1, 0], ["in", 2, 0], ["in", 3, 0], ["in", 4, 0], ["cfree", 1, 2], ["cfree", 1, 3], ["cfree", 1, 4], ["cfree", 2, 3], ["cfree", 2, 4], ["cfree", 3, 4], ["aligned_bottom", 1, 2], ["aligned_bottom", 1, 3], ["aligned_bottom", 1, 4], ["aligned_bottom", 2, 3], ["aligned_bottom", 2, 4], ["aligned_bottom", 3, 4]],