{"2": {"success": [[2, 1], [1, 5]], "success_rate": 0.0, "success_rate_top3": 0.4, "model_ave_sample_time": 1.1351423072814941, "success_rounds": {"2": 1, "1": 5}, "sampling_time": [[5.472417593002319, 5, 1.0944835186004638], [5.3718671798706055, 5, 1.074373435974121], [5.383325815200806, 5, 1.0766651630401611], [5.659754753112793, 5, 1.1319509506225587], [6.426280975341797, 5, 1.2852561950683594], [6.401274681091309, 5, 1.2802549362182618], [5.539158344268799, 5, 1.1078316688537597], [5.598721981048584, 5, 1.1197443962097169], [5.493536710739136, 5, 1.098707342147827], [5.41287899017334, 5, 1.082575798034668]], "all_failure_modes": {"0": {}, "1": {}, "2": {}, "3": {"4": [["aligned_bottom", 1, 2]]}, "4": {}, "5": {}, "6": {}, "7": {}, "8": {"4": [["aligned_bottom", 1, 2]]}, "9": {"3": [["aligned_bottom", 1, 2]]}}, "eval_tries": 9, "visualize": false}, "3": {"success": [], "success_rate": 0.0, "success_rate_top3": 0.0, "model_ave_sample_time": 1.0854278898239136, "success_rounds": {}, "sampling_time": [[5.496832370758057, 5, 1.0993664741516114], [5.44122576713562, 5, 1.088245153427124], [5.421841144561768, 5, 1.0843682289123535], [5.366793394088745, 5, 1.073358678817749], [5.492621898651123, 5, 1.0985243797302247], [5.493272304534912, 5, 1.0986544609069824], [5.335960388183594, 5, 1.0671920776367188], [5.524972438812256, 5, 1.1049944877624511], [5.368212699890137, 5, 1.0736425399780274], [5.33249044418335, 5, 1.06649808883667]], "all_failure_modes": {"0": {}, "1": {}, "2": {}, "3": {"3": [["in", 1, 0], ["in", 2, 0], ["in", 3, 0], ["cfree", 1, 2], ["cfree", 1, 3], ["cfree", 2, 3], ["aligned_bottom", 1, 2], ["aligned_bottom", 1, 3], ["aligned_bottom", 2, 3]]}, "4": {}, "5": {}, "6": {}, "7": {}, "8": {}, "9": {"2": [["in", 1, 0], ["in", 2, 0], ["in", 3, 0], ["cfree", 1, 2], ["cfree", 1, 3], ["cfree", 2, 3], ["aligned_bottom", 1, 3], ["aligned_bottom", 2, 3]]}}, "eval_tries": 9, "visualize": false}}