{"2": {"success": [[1, 1], [4, 2], [2, 3]], "success_rate": 0.0, "success_rate_top3": 0.6, "model_ave_sample_time": 2.8116689109802246, "success_rounds": {"1": 1, "4": 2, "2": 3}, "sampling_time": [[11.95360517501831, 5, 2.3907210350036623], [12.245412111282349, 5, 2.4490824222564695], [11.44966197013855, 5, 2.28993239402771], [11.912957429885864, 5, 2.382591485977173], [15.523849487304688, 5, 3.1047698974609377], [16.043090105056763, 5, 3.2086180210113526], [15.956989049911499, 5, 3.1913978099822997], [15.227776050567627, 5, 3.0455552101135255], [15.158227920532227, 5, 3.031645584106445], [15.114221334457397, 5, 3.0228442668914797]], "all_failure_modes": {"0": {}, "1": {"3": [["aligned_bottom", 1, 2]]}, "2": {}, "3": {"0": [["in", 1, 0], ["in", 2, 0], ["cfree", 1, 2], ["aligned_bottom", 1, 2]]}, "4": {}, "5": {"3": [["aligned_bottom", 1, 2]]}, "6": {}, "7": {}, "8": {}, "9": {"3": [["aligned_bottom", 1, 2]]}}, "eval_tries": 9, "visualize": false}, "3": {"success": [], "success_rate": 0.0, "success_rate_top3": 0.0, "model_ave_sample_time": 2.5904662322998044, "success_rounds": {}, "sampling_time": [[15.164000988006592, 5, 3.0328001976013184], [15.222234964370728, 5, 3.0444469928741453], [15.262656450271606, 5, 3.052531290054321], [15.256331443786621, 5, 3.0512662887573243], [12.585634708404541, 5, 2.517126941680908], [11.139752388000488, 5, 2.2279504776000976], [11.243613243103027, 5, 2.2487226486206056], [11.259682416915894, 5, 2.2519364833831785], [11.209849119186401, 5, 2.2419698238372803], [11.182157754898071, 5, 2.2364315509796144]], "all_failure_modes": {"0": {}, "1": {}, "2": {"4": [["in", 1, 0], ["in", 2, 0], ["in", 3, 0], ["cfree", 1, 2], ["cfree", 1, 3], ["cfree", 2, 3], ["aligned_bottom", 1, 2], ["aligned_bottom", 1, 3]]}, "3": {"4": [["in", 1, 0], ["in", 2, 0], ["in", 3, 0], ["cfree", 1, 2], ["cfree", 1, 3], ["cfree", 2, 3], ["aligned_bottom", 1, 2], ["aligned_bottom", 1, 3]]}, "4": {}, "5": {}, "6": {}, "7": {"0": [["in", 1, 0], ["in", 2, 0], ["in", 3, 0], ["cfree", 1, 2], ["cfree", 1, 3], ["cfree", 2, 3], ["aligned_bottom", 1, 2], ["aligned_bottom", 1, 3]], "2": [["in", 1, 0], ["in", 2, 0], ["in", 3, 0], ["cfree", 1, 2], ["cfree", 1, 3], ["cfree", 2, 3], ["aligned_bottom", 1, 3], ["aligned_bottom", 2, 3]], "4": [["in", 1, 0], ["in", 2, 0], ["in", 3, 0], ["cfree", 1, 2], ["cfree", 1, 3], ["cfree", 2, 3], ["aligned_bottom", 1, 2], ["aligned_bottom", 1, 3]]}, "8": {}, "9": {"1": [["in", 1, 0], ["in", 2, 0], ["in", 3, 0], ["cfree", 1, 2], ["cfree", 1, 3], ["cfree", 2, 3], ["aligned_bottom", 2, 3]]}}, "eval_tries": 9, "visualize": false}}