{"2": {"success": [[4, 0], [2, 1], [1, 5]], "success_rate": 0.2, "success_rate_top3": 0.6, "model_ave_sample_time": 2.6632794046401975, "success_rounds": {"4": 0, "2": 1, "1": 5}, "sampling_time": [[11.398497104644775, 5, 2.279699420928955], [11.348337650299072, 5, 2.2696675300598144], [11.644208669662476, 5, 2.328841733932495], [11.487265825271606, 5, 2.2974531650543213], [11.410719633102417, 5, 2.2821439266204835], [11.459931373596191, 5, 2.291986274719238], [11.345219373703003, 5, 2.2690438747406008], [11.345495462417603, 5, 2.2690990924835206], [19.985718250274658, 5, 3.9971436500549316], [21.740834712982178, 5, 4.3481669425964355]], "all_failure_modes": {"0": {"0": [["aligned_bottom", 1, 2]], "1": [["aligned_bottom", 1, 2]], "2": [["aligned_bottom", 1, 2]], "3": [["aligned_bottom", 1, 2]]}, "1": {"0": [["aligned_bottom", 1, 2]], "1": [["aligned_bottom", 1, 2]], "3": [["aligned_bottom", 1, 2]]}, "2": {"0": [["aligned_bottom", 1, 2]], "1": [["aligned_bottom", 1, 2]], "3": [["aligned_bottom", 1, 2]]}, "3": {"0": [["aligned_bottom", 1, 2]], "1": [["aligned_bottom", 1, 2]], "3": [["aligned_bottom", 1, 2]]}, "4": {"0": [["aligned_bottom", 1, 2]], "1": [["aligned_bottom", 1, 2]], "3": [["aligned_bottom", 1, 2]]}, "5": {"0": [["aligned_bottom", 1, 2]], "3": [["aligned_bottom", 1, 2]]}, "6": {"0": [["aligned_bottom", 1, 2]], "3": [["aligned_bottom", 1, 2]]}, "7": {"0": [["aligned_bottom", 1, 2]], "3": [["aligned_bottom", 1, 2]]}, "8": {"0": [["aligned_bottom", 1, 2]], "3": [["aligned_bottom", 1, 2]]}, "9": {"0": [["aligned_bottom", 1, 2]], "3": [["aligned_bottom", 1, 2]]}}, "eval_tries": 9, "visualize": false}, "3": {"success": [[1, 6]], "success_rate": 0.0, "success_rate_top3": 0.2, "model_ave_sample_time": 5.637657608985901, "success_rounds": {"1": 6}, "sampling_time": [[22.877883911132812, 5, 4.5755767822265625], [22.861722230911255, 5, 4.572344446182251], [26.335037231445312, 5, 5.267007446289062], [29.801950931549072, 5, 5.960390186309814], [29.54628348350525, 5, 5.90925669670105], [29.803823471069336, 5, 5.960764694213867], [30.0226149559021, 5, 6.00452299118042], [29.84852385520935, 5, 5.9697047710418705], [30.462817907333374, 5, 6.092563581466675], [30.32494354248047, 5, 6.064988708496093]], "all_failure_modes": {"0": {"0": [["aligned_bottom", 1, 2], ["aligned_bottom", 1, 3], ["aligned_bottom", 2, 3]], "1": [["aligned_bottom", 1, 3], ["aligned_bottom", 2, 3]], "2": [["aligned_bottom", 1, 2], ["aligned_bottom", 2, 3]], "3": [["aligned_bottom", 1, 2], ["aligned_bottom", 1, 3], ["aligned_bottom", 2, 3]], "4": [["aligned_bottom", 1, 2], ["aligned_bottom", 1, 3]]}, "1": {"0": [["aligned_bottom", 1, 2], ["aligned_bottom", 2, 3]], "1": [["aligned_bottom", 1, 2], ["aligned_bottom", 1, 3]], "2": [["aligned_bottom", 1, 2], ["aligned_bottom", 1, 3], ["aligned_bottom", 2, 3]], "3": [["aligned_bottom", 1, 2], ["aligned_bottom", 1, 3], ["aligned_bottom", 2, 3]], "4": [["aligned_bottom", 1, 2], ["aligned_bottom", 1, 3]]}, "2": {"0": [["aligned_bottom", 1, 2], ["aligned_bottom", 1, 3], ["aligned_bottom", 2, 3]], "1": [["aligned_bottom", 1, 2], ["aligned_bottom", 2, 3]], "2": [["aligned_bottom", 1, 2], ["aligned_bottom", 1, 3], ["aligned_bottom", 2, 3]], "3": [["aligned_bottom", 1, 2], ["aligned_bottom", 1, 3], ["aligned_bottom", 2, 3]], "4": [["aligned_bottom", 1, 2], ["aligned_bottom", 1, 3], ["aligned_bottom", 2, 3]]}, "3": {"0": [["aligned_bottom", 1, 2], ["aligned_bottom", 1, 3], ["aligned_bottom", 2, 3]], "1": [["aligned_bottom", 1, 2], ["aligned_bottom", 1, 3], ["aligned_bottom", 2, 3]], "2": [["aligned_bottom", 1, 3], ["aligned_bottom", 2, 3]], "3": [["aligned_bottom", 1, 2], ["aligned_bottom", 1, 3], ["aligned_bottom", 2, 3]], "4": [["aligned_bottom", 1, 2], ["aligned_bottom", 1, 3]]}, "4": {"0": [["aligned_bottom", 1, 2], ["aligned_bottom", 2, 3]], "1": [["aligned_bottom", 1, 3]], "2": [["aligned_bottom", 1, 3], ["aligned_bottom", 2, 3]], "3": [["aligned_bottom", 1, 2], ["aligned_bottom", 1, 3], ["aligned_bottom", 2, 3]], "4": [["aligned_bottom", 1, 2], ["aligned_bottom", 1, 3]]}, "5": {"0": [["aligned_bottom", 1, 2], ["aligned_bottom", 1, 3]], "1": [["aligned_bottom", 1, 2], ["aligned_bottom", 2, 3]], "2": [["aligned_bottom", 1, 3], ["aligned_bottom", 2, 3]], "3": [["aligned_bottom", 1, 2], ["aligned_bottom", 1, 3], ["aligned_bottom", 2, 3]], "4": [["aligned_bottom", 1, 2], ["aligned_bottom", 1, 3]]}, "6": {"0": [["aligned_bottom", 1, 2], ["aligned_bottom", 2, 3]], "2": [["aligned_bottom", 1, 2], ["aligned_bottom", 2, 3]], "3": [["aligned_bottom", 1, 2], ["aligned_bottom", 1, 3], ["aligned_bottom", 2, 3]], "4": [["aligned_bottom", 1, 2], ["aligned_bottom", 1, 3]]}, "7": {"0": [["aligned_bottom", 1, 2], ["aligned_bottom", 1, 3], ["aligned_bottom", 2, 3]], "2": [["aligned_bottom", 1, 2], ["aligned_bottom", 1, 3], ["aligned_bottom", 2, 3]], "3": [["aligned_bottom", 1, 2], ["aligned_bottom", 1, 3], ["aligned_bottom", 2, 3]], "4": [["aligned_bottom", 1, 2], ["aligned_bottom", 1, 3]]}, "8": {"0": [["aligned_bottom", 1, 2], ["aligned_bottom", 1, 3], ["aligned_bottom", 2, 3]], "2": [["aligned_bottom", 1, 2], ["aligned_bottom", 1, 3], ["aligned_bottom", 2, 3]], "3": [["aligned_bottom", 1, 2], ["aligned_bottom", 1, 3], ["aligned_bottom", 2, 3]], "4": [["aligned_bottom", 1, 2], ["aligned_bottom", 1, 3]]}, "9": {"0": [["aligned_bottom", 1, 2], ["aligned_bottom", 1, 3], ["aligned_bottom", 2, 3]], "2": [["aligned_bottom", 1, 2], ["aligned_bottom", 1, 3], ["aligned_bottom", 2, 3]], "3": [["aligned_bottom", 1, 2], ["aligned_bottom", 1, 3], ["aligned_bottom", 2, 3]], "4": [["aligned_bottom", 1, 2], ["aligned_bottom", 1, 3]]}}, "eval_tries": 9, "visualize": false}}