{"2": {"success": [[2, 0], [4, 0], [3, 4]], "success_rate": 0.4, "success_rate_top3": 0.6, "model_ave_sample_time": 4.630683012008667, "success_rounds": {"2": 0, "4": 0, "3": 4}, "sampling_time": [[22.725677967071533, 5, 4.545135593414306], [23.20022177696228, 5, 4.640044355392456], [23.61268401145935, 5, 4.72253680229187], [22.99763822555542, 5, 4.599527645111084], [23.323434352874756, 5, 4.664686870574951], [23.253932237625122, 5, 4.650786447525024], [23.058965921401978, 5, 4.611793184280396], [23.01831603050232, 5, 4.603663206100464], [23.153952598571777, 5, 4.630790519714355], [23.191702842712402, 5, 4.63834056854248]], "all_failure_modes": {"0": {"0": [["aligned_bottom", 1, 2]], "1": [["aligned_bottom", 1, 2]]}, "1": {"0": [["aligned_bottom", 1, 2]], "1": [["aligned_bottom", 1, 2]]}, "2": {"0": [["aligned_bottom", 1, 2]], "1": [["aligned_bottom", 1, 2]]}, "3": {"1": [["aligned_bottom", 1, 2]]}, "4": {}, "5": {"0": [["aligned_bottom", 1, 2]], "1": [["aligned_bottom", 1, 2]]}, "6": {"0": [["aligned_bottom", 1, 2]], "1": [["aligned_bottom", 1, 2]]}, "7": {"0": [["aligned_bottom", 1, 2]], "1": [["aligned_bottom", 1, 2]]}, "8": {}, "9": {"0": [["aligned_bottom", 1, 2]], "1": [["aligned_bottom", 1, 2]]}}, "eval_tries": 9, "visualize": false}, "3": {"success": [[4, 0], [0, 1]], "success_rate": 0.2, "success_rate_top3": 0.4, "model_ave_sample_time": 4.925872206687927, "success_rounds": {"4": 0, "0": 1}, "sampling_time": [[24.139037370681763, 5, 4.827807474136352], [26.12668466567993, 5, 5.225336933135987], [26.161864519119263, 5, 5.232372903823853], [26.117748260498047, 5, 5.223549652099609], [26.202441930770874, 5, 5.2404883861541744], [26.330279111862183, 5, 5.2660558223724365], [23.041252613067627, 5, 4.608250522613526], [22.864044666290283, 5, 4.572808933258057], [22.572974920272827, 5, 4.514594984054566], [22.74436664581299, 5, 4.548873329162598]], "all_failure_modes": {"0": {"3": [["aligned_bottom", 1, 2], ["aligned_bottom", 1, 3]]}, "1": {"2": [["aligned_bottom", 1, 3], ["aligned_bottom", 2, 3]]}, "2": {}, "3": {"3": [["aligned_bottom", 1, 2], ["aligned_bottom", 1, 3], ["aligned_bottom", 2, 3]]}, "4": {"3": [["aligned_bottom", 1, 2], ["aligned_bottom", 1, 3]]}, "5": {}, "6": {}, "7": {"1": [["aligned_bottom", 1, 2]], "2": [["aligned_bottom", 1, 3], ["aligned_bottom", 2, 3]], "3": [["aligned_bottom", 1, 2], ["aligned_bottom", 1, 3], ["aligned_bottom", 2, 3]]}, "8": {"2": [["aligned_bottom", 1, 2], ["aligned_bottom", 1, 3], ["aligned_bottom", 2, 3]]}, "9": {"1": [["aligned_bottom", 1, 2], ["aligned_bottom", 1, 3], ["aligned_bottom", 2, 3]]}}, "eval_tries": 9, "visualize": false}}