{"2": {"success": [[2, 0], [3, 1], [4, 1]], "success_rate": 0.2, "success_rate_top3": 0.6, "model_ave_sample_time": 6.297652630805969, "success_rounds": {"2": 0, "3": 1, "4": 1}, "sampling_time": [[29.87148141860962, 5, 5.974296283721924], [30.43928050994873, 5, 6.087856101989746], [30.535523176193237, 5, 6.107104635238647], [30.746337175369263, 5, 6.1492674350738525], [31.131627798080444, 5, 6.226325559616089], [30.297629356384277, 5, 6.059525871276856], [30.48965334892273, 5, 6.097930669784546], [32.83381652832031, 5, 6.566763305664063], [34.39189100265503, 5, 6.878378200531006], [34.148072242736816, 5, 6.829614448547363]], "all_failure_modes": {"0": {}, "1": {"0": [["aligned_bottom", 1, 2]], "1": [["aligned_bottom", 1, 2]]}, "2": {"0": [["aligned_bottom", 1, 2]]}, "3": {}, "4": {"1": [["aligned_bottom", 1, 2]]}, "5": {}, "6": {}, "7": {}, "8": {"1": [["aligned_bottom", 1, 2]]}, "9": {"0": [["aligned_bottom", 1, 2]]}}, "eval_tries": 9, "visualize": false}, "3": {"success": [], "success_rate": 0.0, "success_rate_top3": 0.0, "model_ave_sample_time": 3.112156538963318, "success_rounds": {}, "sampling_time": [[18.72197914123535, 5, 3.7443958282470704], [14.151921510696411, 5, 2.830384302139282], [14.113290309906006, 5, 2.822658061981201], [14.05592656135559, 5, 2.8111853122711183], [15.488850593566895, 5, 3.097770118713379], [15.80828332901001, 5, 3.1616566658020018], [15.888890027999878, 5, 3.1777780055999756], [15.462403535842896, 5, 3.092480707168579], [16.022395610809326, 5, 3.204479122161865], [15.897153615951538, 5, 3.1794307231903076]], "all_failure_modes": {"0": {"3": [["aligned_bottom", 1, 2], ["aligned_bottom", 1, 3], ["aligned_bottom", 2, 3]]}, "1": {"3": [["aligned_bottom", 1, 2], ["aligned_bottom", 1, 3], ["aligned_bottom", 2, 3]]}, "2": {"1": [["aligned_bottom", 1, 2], ["aligned_bottom", 1, 3], ["aligned_bottom", 2, 3]]}, "3": {"1": [["aligned_bottom", 1, 2], ["aligned_bottom", 2, 3]]}, "4": {}, "5": {"2": [["aligned_bottom", 1, 2], ["aligned_bottom", 1, 3], ["aligned_bottom", 2, 3]]}, "6": {}, "7": {"0": [["aligned_bottom", 1, 2], ["aligned_bottom", 1, 3]]}, "8": {}, "9": {"1": [["aligned_bottom", 1, 2], ["aligned_bottom", 1, 3], ["aligned_bottom", 2, 3]]}}, "eval_tries": 9, "visualize": false}}