{"2": {"success": [[4, 0], [2, 2], [3, 5]], "success_rate": 0.2, "success_rate_top3": 0.6, "model_ave_sample_time": 4.831510338783264, "success_rounds": {"4": 0, "2": 2, "3": 5}, "sampling_time": [[23.505114316940308, 5, 4.7010228633880615], [23.109742164611816, 5, 4.6219484329223635], [23.327488660812378, 5, 4.665497732162476], [23.577332019805908, 5, 4.715466403961182], [24.10054922103882, 5, 4.820109844207764], [23.33662176132202, 5, 4.667324352264404], [23.297292470932007, 5, 4.659458494186401], [23.563003063201904, 5, 4.712600612640381], [26.49170756340027, 5, 5.298341512680054], [27.26929235458374, 5, 5.453858470916748]], "all_failure_modes": {"0": {"0": [["aligned_bottom", 1, 2]], "3": [["aligned_bottom", 1, 2]]}, "1": {"1": [["aligned_bottom", 1, 2]]}, "2": {"0": [["aligned_bottom", 1, 2]], "1": [["aligned_bottom", 1, 2]]}, "3": {"0": [["aligned_bottom", 1, 2]]}, "4": {}, "5": {}, "6": {}, "7": {"0": [["aligned_bottom", 1, 2]]}, "8": {}, "9": {"0": [["aligned_bottom", 1, 2]]}}, "eval_tries": 9, "visualize": false}, "3": {"success": [[0, 1], [4, 9]], "success_rate": 0.0, "success_rate_top3": 0.4, "model_ave_sample_time": 5.925727033615113, "success_rounds": {"0": 1, "4": 9}, "sampling_time": [[26.822649002075195, 5, 5.364529800415039], [26.377896308898926, 5, 5.275579261779785], [34.197471618652344, 5, 6.839494323730468], [26.06331729888916, 5, 5.212663459777832], [23.32430124282837, 5, 4.664860248565674], [23.788869619369507, 5, 4.757773923873901], [23.062700510025024, 5, 4.6125401020050045], [25.528093099594116, 5, 5.105618619918824], [42.27892088890076, 5, 8.455784177780151], [44.84562087059021, 5, 8.969124174118042]], "all_failure_modes": {"0": {}, "1": {}, "2": {"3": [["aligned_bottom", 1, 2], ["aligned_bottom", 1, 3], ["aligned_bottom", 2, 3]]}, "3": {}, "4": {"1": [["aligned_bottom", 1, 2], ["aligned_bottom", 1, 3], ["aligned_bottom", 2, 3]], "3": [["aligned_bottom", 1, 2], ["aligned_bottom", 1, 3]]}, "5": {"1": [["aligned_bottom", 1, 2], ["aligned_bottom", 1, 3], ["aligned_bottom", 2, 3]]}, "6": {}, "7": {}, "8": {}, "9": {}}, "eval_tries": 9, "visualize": false}}