{"2": {"success": [[2, 0], [1, 1], [4, 7]], "success_rate": 0.2, "success_rate_top3": 0.6, "model_ave_sample_time": 6.097193918228149, "success_rounds": {"2": 0, "1": 1, "4": 7}, "sampling_time": [[45.5950653553009, 5, 9.11901307106018], [45.44652533531189, 5, 9.089305067062378], [43.07766842842102, 5, 8.615533685684204], [25.8637113571167, 5, 5.17274227142334], [23.26192855834961, 5, 4.652385711669922], [23.20600461959839, 5, 4.641200923919678], [23.096580982208252, 5, 4.61931619644165], [23.049405336380005, 5, 4.609881067276001], [25.96419596672058, 5, 5.192839193344116], [26.30111789703369, 5, 5.2602235794067385]], "all_failure_modes": {"0": {"1": [["aligned_bottom", 1, 2]]}, "1": {"0": [["aligned_bottom", 1, 2]], "3": [["aligned_bottom", 1, 2]]}, "2": {}, "3": {"0": [["aligned_bottom", 1, 2]], "4": [["aligned_bottom", 1, 2]]}, "4": {"0": [["aligned_bottom", 1, 2]]}, "5": {}, "6": {"3": [["aligned_bottom", 1, 2]]}, "7": {}, "8": {}, "9": {"0": [["aligned_bottom", 1, 2]]}}, "eval_tries": 9, "visualize": false}, "3": {"success": [[0, 9]], "success_rate": 0.0, "success_rate_top3": 0.2, "model_ave_sample_time": 4.860567436218262, "success_rounds": {"0": 9}, "sampling_time": [[26.442565202713013, 5, 5.288513040542602], [26.531384706497192, 5, 5.306276941299439], [26.54760503768921, 5, 5.309521007537842], [25.433652877807617, 5, 5.086730575561523], [22.816045999526978, 5, 4.563209199905396], [22.841045141220093, 5, 4.568209028244018], [23.13864040374756, 5, 4.627728080749511], [23.08999228477478, 5, 4.617998456954956], [23.160964488983154, 5, 4.632192897796631], [23.031283378601074, 5, 4.606256675720215]], "all_failure_modes": {"0": {}, "1": {}, "2": {}, "3": {}, "4": {}, "5": {"1": [["aligned_bottom", 1, 2], ["aligned_bottom", 1, 3], ["aligned_bottom", 2, 3]]}, "6": {}, "7": {}, "8": {}, "9": {}}, "eval_tries": 9, "visualize": false}}