{"2": {"success": [[4, 0], [2, 1], [1, 5], [3, 5]], "success_rate": 0.2, "success_rate_top3": 0.8, "model_ave_sample_time": 4.590723919868469, "success_rounds": {"4": 0, "2": 1, "1": 5, "3": 5}, "sampling_time": [[22.69733691215515, 5, 4.53946738243103], [22.956613063812256, 5, 4.591322612762451], [22.859585762023926, 5, 4.571917152404785], [22.832770109176636, 5, 4.566554021835327], [22.94877052307129, 5, 4.589754104614258], [23.026677131652832, 5, 4.605335426330567], [23.01003074645996, 5, 4.602006149291992], [22.993834495544434, 5, 4.598766899108886], [23.07207417488098, 5, 4.614414834976197], [23.140899658203125, 5, 4.628179931640625]], "all_failure_modes": {"0": {"0": [["aligned_bottom", 1, 2]], "1": [["aligned_bottom", 1, 2]], "2": [["aligned_bottom", 1, 2]], "3": [["aligned_bottom", 1, 2]]}, "1": {"0": [["aligned_bottom", 1, 2]], "1": [["aligned_bottom", 1, 2]], "3": [["aligned_bottom", 1, 2]]}, "2": {"0": [["aligned_bottom", 1, 2]], "1": [["aligned_bottom", 1, 2]], "3": [["aligned_bottom", 1, 2]]}, "3": {"0": [["aligned_bottom", 1, 2]], "1": [["aligned_bottom", 1, 2]], "3": [["aligned_bottom", 1, 2]]}, "4": {"0": [["aligned_bottom", 1, 2]], "1": [["aligned_bottom", 1, 2]], "3": [["aligned_bottom", 1, 2]]}, "5": {"0": [["aligned_bottom", 1, 2]]}, "6": {"0": [["aligned_bottom", 1, 2]]}, "7": {"0": [["aligned_bottom", 1, 2]]}, "8": {"0": [["aligned_bottom", 1, 2]]}, "9": {"0": [["aligned_bottom", 1, 2]]}}, "eval_tries": 9, "visualize": false}, "3": {"success": [[4, 3], [0, 5]], "success_rate": 0.0, "success_rate_top3": 0.4, "model_ave_sample_time": 4.953136849403381, "success_rounds": {"4": 3, "0": 5}, "sampling_time": [[22.982247352600098, 5, 4.596449470520019], [23.275615215301514, 5, 4.655123043060303], [26.10374426841736, 5, 5.220748853683472], [26.407767295837402, 5, 5.281553459167481], [26.286940813064575, 5, 5.257388162612915], [26.383665800094604, 5, 5.276733160018921], [26.282647848129272, 5, 5.2565295696258545], [24.380362272262573, 5, 4.8760724544525145], [22.774943113327026, 5, 4.554988622665405], [22.78578019142151, 5, 4.557156038284302]], "all_failure_modes": {"0": {"0": [["aligned_bottom", 1, 2], ["aligned_bottom", 2, 3]], "1": [["aligned_bottom", 1, 2], ["aligned_bottom", 2, 3]], "2": [["aligned_bottom", 1, 2], ["aligned_bottom", 1, 3], ["aligned_bottom", 2, 3]], "3": [["aligned_bottom", 1, 2], ["aligned_bottom", 1, 3]], "4": [["aligned_bottom", 1, 3], ["aligned_bottom", 2, 3]]}, "1": {"0": [["aligned_bottom", 1, 2], ["aligned_bottom", 2, 3]], "1": [["aligned_bottom", 1, 2], ["aligned_bottom", 1, 3], ["aligned_bottom", 2, 3]], "2": [["aligned_bottom", 1, 3], ["aligned_bottom", 2, 3]], "3": [["aligned_bottom", 1, 2], ["aligned_bottom", 1, 3], ["aligned_bottom", 2, 3]], "4": [["aligned_bottom", 1, 3], ["aligned_bottom", 2, 3]]}, "2": {"0": [["aligned_bottom", 1, 3], ["aligned_bottom", 2, 3]], "1": [["aligned_bottom", 1, 2], ["aligned_bottom", 1, 3], ["aligned_bottom", 2, 3]], "2": [["aligned_bottom", 1, 3], ["aligned_bottom", 2, 3]], "3": [["aligned_bottom", 1, 2], ["aligned_bottom", 1, 3]], "4": [["aligned_bottom", 1, 3], ["aligned_bottom", 2, 3]]}, "3": {"0": [["aligned_bottom", 1, 3], ["aligned_bottom", 2, 3]], "1": [["aligned_bottom", 1, 2], ["aligned_bottom", 1, 3], ["aligned_bottom", 2, 3]], "2": [["aligned_bottom", 1, 3], ["aligned_bottom", 2, 3]], "3": [["aligned_bottom", 1, 2], ["aligned_bottom", 1, 3], ["aligned_bottom", 2, 3]]}, "4": {"0": [["aligned_bottom", 1, 2], ["aligned_bottom", 1, 3]], "1": [["aligned_bottom", 1, 2], ["aligned_bottom", 1, 3], ["aligned_bottom", 2, 3]], "2": [["aligned_bottom", 1, 3], ["aligned_bottom", 2, 3]], "3": [["aligned_bottom", 1, 2], ["aligned_bottom", 1, 3], ["aligned_bottom", 2, 3]]}, "5": {"1": [["aligned_bottom", 1, 2], ["aligned_bottom", 1, 3], ["aligned_bottom", 2, 3]], "2": [["aligned_bottom", 1, 3], ["aligned_bottom", 2, 3]], "3": [["aligned_bottom", 1, 2], ["aligned_bottom", 1, 3], ["aligned_bottom", 2, 3]]}, "6": {"1": [["aligned_bottom", 1, 2], ["aligned_bottom", 1, 3], ["aligned_bottom", 2, 3]], "2": [["aligned_bottom", 1, 3], ["aligned_bottom", 2, 3]], "3": [["aligned_bottom", 1, 2], ["aligned_bottom", 1, 3], ["aligned_bottom", 2, 3]]}, "7": {"1": [["aligned_bottom", 1, 2], ["aligned_bottom", 2, 3]], "2": [["aligned_bottom", 1, 3], ["aligned_bottom", 2, 3]], "3": [["aligned_bottom", 1, 2], ["aligned_bottom", 1, 3], ["aligned_bottom", 2, 3]]}, "8": {"1": [["aligned_bottom", 1, 2], ["aligned_bottom", 2, 3]], "2": [["aligned_bottom", 1, 3], ["aligned_bottom", 2, 3]], "3": [["aligned_bottom", 1, 2], ["aligned_bottom", 1, 3]]}, "9": {"1": [["aligned_bottom", 1, 2], ["aligned_bottom", 1, 3], ["aligned_bottom", 2, 3]], "2": [["aligned_bottom", 1, 3], ["aligned_bottom", 2, 3]], "3": [["aligned_bottom", 1, 2], ["aligned_bottom", 1, 3]]}}, "eval_tries": 9, "visualize": false}}