{"2": {"success": [[3, 0], [2, 1], [4, 4], [1, 8]], "success_rate": 0.2, "success_rate_top3": 0.8, "model_ave_sample_time": 4.56652645111084, "success_rounds": {"3": 0, "2": 1, "4": 4, "1": 8}, "sampling_time": [[22.736822605133057, 5, 4.547364521026611], [22.64355444908142, 5, 4.528710889816284], [22.542510509490967, 5, 4.508502101898193], [22.713846921920776, 5, 4.5427693843841555], [22.588417291641235, 5, 4.517683458328247], [22.902119398117065, 5, 4.580423879623413], [23.09319543838501, 5, 4.618639087677002], [23.068164110183716, 5, 4.6136328220367435], [23.056213855743408, 5, 4.611242771148682], [22.984930276870728, 5, 4.5969860553741455]], "all_failure_modes": {"0": {"0": [["aligned_bottom", 1, 2]], "1": [["aligned_bottom", 1, 2]], "2": [["aligned_bottom", 1, 2]], "4": [["aligned_bottom", 1, 2]]}, "1": {"0": [["aligned_bottom", 1, 2]], "1": [["aligned_bottom", 1, 2]], "4": [["aligned_bottom", 1, 2]]}, "2": {"0": [["aligned_bottom", 1, 2]], "1": [["aligned_bottom", 1, 2]], "4": [["aligned_bottom", 1, 2]]}, "3": {"0": [["aligned_bottom", 1, 2]], "1": [["aligned_bottom", 1, 2]], "4": [["aligned_bottom", 1, 2]]}, "4": {"0": [["aligned_bottom", 1, 2]], "1": [["aligned_bottom", 1, 2]]}, "5": {"0": [["aligned_bottom", 1, 2]], "1": [["aligned_bottom", 1, 2]]}, "6": {"0": [["aligned_bottom", 1, 2]], "1": [["aligned_bottom", 1, 2]]}, "7": {"0": [["aligned_bottom", 1, 2]], "1": [["aligned_bottom", 1, 2]]}, "8": {"0": [["aligned_bottom", 1, 2]]}, "9": {"0": [["aligned_bottom", 1, 2]]}}, "eval_tries": 9, "visualize": false}, "3": {"success": [[1, 1], [0, 2], [4, 6]], "success_rate": 0.0, "success_rate_top3": 0.6, "model_ave_sample_time": 4.905876026153565, "success_rounds": {"1": 1, "0": 2, "4": 6}, "sampling_time": [[23.137346267700195, 5, 4.627469253540039], [22.872068166732788, 5, 4.574413633346557], [22.752443552017212, 5, 4.550488710403442], [22.88574719429016, 5, 4.577149438858032], [23.09199571609497, 5, 4.618399143218994], [32.43666315078735, 5, 6.4873326301574705], [24.666556358337402, 5, 4.93331127166748], [24.47649335861206, 5, 4.895298671722412], [24.43227505683899, 5, 4.886455011367798], [24.544873476028442, 5, 4.908974695205688]], "all_failure_modes": {"0": {"0": [["aligned_bottom", 1, 2], ["aligned_bottom", 1, 3], ["aligned_bottom", 2, 3]], "1": [["aligned_bottom", 1, 2], ["aligned_bottom", 1, 3]], "2": [["aligned_bottom", 1, 3], ["aligned_bottom", 2, 3]], "3": [["aligned_bottom", 1, 2], ["aligned_bottom", 1, 3], ["aligned_bottom", 2, 3]], "4": [["aligned_bottom", 1, 2], ["aligned_bottom", 1, 3]]}, "1": {"0": [["aligned_bottom", 1, 2], ["aligned_bottom", 1, 3], ["aligned_bottom", 2, 3]], "2": [["aligned_bottom", 1, 2], ["aligned_bottom", 2, 3]], "3": [["aligned_bottom", 1, 2], ["aligned_bottom", 1, 3]], "4": [["aligned_bottom", 1, 2], ["aligned_bottom", 1, 3]]}, "2": {"2": [["aligned_bottom", 1, 2], ["aligned_bottom", 2, 3]], "3": [["aligned_bottom", 1, 2], ["aligned_bottom", 1, 3], ["aligned_bottom", 2, 3]], "4": [["aligned_bottom", 1, 2], ["aligned_bottom", 1, 3]]}, "3": {"2": [["aligned_bottom", 1, 2], ["aligned_bottom", 2, 3]], "3": [["aligned_bottom", 1, 2], ["aligned_bottom", 1, 3], ["aligned_bottom", 2, 3]], "4": [["aligned_bottom", 1, 2], ["aligned_bottom", 1, 3]]}, "4": {"2": [["aligned_bottom", 1, 3], ["aligned_bottom", 2, 3]], "3": [["aligned_bottom", 1, 2], ["aligned_bottom", 1, 3], ["aligned_bottom", 2, 3]], "4": [["aligned_bottom", 1, 2], ["aligned_bottom", 1, 3]]}, "5": {"2": [["aligned_bottom", 1, 3], ["aligned_bottom", 2, 3]], "3": [["aligned_bottom", 1, 2], ["aligned_bottom", 1, 3], ["aligned_bottom", 2, 3]], "4": [["aligned_bottom", 1, 2], ["aligned_bottom", 1, 3]]}, "6": {"2": [["aligned_bottom", 1, 3], ["aligned_bottom", 2, 3]], "3": [["aligned_bottom", 1, 2], ["aligned_bottom", 1, 3], ["aligned_bottom", 2, 3]]}, "7": {"2": [["aligned_bottom", 1, 2], ["aligned_bottom", 1, 3], ["aligned_bottom", 2, 3]], "3": [["aligned_bottom", 1, 2], ["aligned_bottom", 1, 3], ["aligned_bottom", 2, 3]]}, "8": {"2": [["aligned_bottom", 1, 3], ["aligned_bottom", 2, 3]], "3": [["aligned_bottom", 1, 2], ["aligned_bottom", 1, 3]]}, "9": {"2": [["aligned_bottom", 1, 3], ["aligned_bottom", 2, 3]], "3": [["aligned_bottom", 1, 2], ["aligned_bottom", 1, 3]]}}, "eval_tries": 9, "visualize": false}}