{"2": {"success": [[4, 1], [2, 3], [3, 5]], "success_rate": 0.0, "success_rate_top3": 0.6, "model_ave_sample_time": 4.641441783905029, "success_rounds": {"4": 1, "2": 3, "3": 5}, "sampling_time": [[23.035829067230225, 5, 4.607165813446045], [23.12478804588318, 5, 4.624957609176636], [23.023890256881714, 5, 4.604778051376343], [23.366421461105347, 5, 4.673284292221069], [23.280798196792603, 5, 4.6561596393585205], [23.24029278755188, 5, 4.648058557510376], [23.27890968322754, 5, 4.655781936645508], [23.183232069015503, 5, 4.636646413803101], [22.82305407524109, 5, 4.564610815048217], [23.71726679801941, 5, 4.7434533596038815]], "all_failure_modes": {"0": {"1": [["aligned_bottom", 1, 2]]}, "1": {"0": [["aligned_bottom", 1, 2]], "3": [["aligned_bottom", 1, 2]]}, "2": {"1": [["aligned_bottom", 1, 2]]}, "3": {"0": [["aligned_bottom", 1, 2]], "3": [["aligned_bottom", 1, 2]]}, "4": {}, "5": {}, "6": {"0": [["aligned_bottom", 1, 2]], "1": [["aligned_bottom", 1, 2]]}, "7": {}, "8": {}, "9": {"1": [["aligned_bottom", 1, 2]]}}, "eval_tries": 9, "visualize": false}, "3": {"success": [[4, 3]], "success_rate": 0.0, "success_rate_top3": 0.2, "model_ave_sample_time": 4.954976987838745, "success_rounds": {"4": 3}, "sampling_time": [[26.64729356765747, 5, 5.329458713531494], [25.972050428390503, 5, 5.194410085678101], [26.081707000732422, 5, 5.216341400146485], [26.31953239440918, 5, 5.263906478881836], [26.317798614501953, 5, 5.263559722900391], [23.73643183708191, 5, 4.747286367416382], [23.475721836090088, 5, 4.695144367218018], [23.28372550010681, 5, 4.656745100021363], [22.823343992233276, 5, 4.564668798446656], [23.09387516975403, 5, 4.618775033950806]], "all_failure_modes": {"0": {"4": [["aligned_bottom", 1, 2], ["aligned_bottom", 1, 3]]}, "1": {}, "2": {}, "3": {}, "4": {"0": [["aligned_bottom", 1, 2], ["aligned_bottom", 1, 3]], "2": [["aligned_bottom", 1, 3], ["aligned_bottom", 2, 3]], "3": [["aligned_bottom", 1, 2], ["aligned_bottom", 1, 3]]}, "5": {"1": [["aligned_bottom", 1, 2], ["aligned_bottom", 1, 3], ["aligned_bottom", 2, 3]]}, "6": {"2": [["aligned_bottom", 1, 2], ["aligned_bottom", 1, 3], ["aligned_bottom", 2, 3]]}, "7": {"3": [["aligned_bottom", 1, 2], ["aligned_bottom", 1, 3]]}, "8": {"0": [["aligned_bottom", 1, 3], ["aligned_bottom", 2, 3]], "2": [["aligned_bottom", 1, 3], ["aligned_bottom", 2, 3]], "3": [["aligned_bottom", 1, 2], ["aligned_bottom", 1, 3]]}, "9": {"2": [["aligned_bottom", 1, 3], ["aligned_bottom", 2, 3]]}}, "eval_tries": 9, "visualize": false}}