{"2": {"success": [[3, 0], [2, 1], [4, 5]], "success_rate": 0.2, "success_rate_top3": 0.6, "model_ave_sample_time": 4.607821245193482, "success_rounds": {"3": 0, "2": 1, "4": 5}, "sampling_time": [[22.764716625213623, 5, 4.552943325042724], [22.809027433395386, 5, 4.561805486679077], [22.90263557434082, 5, 4.580527114868164], [22.817400217056274, 5, 4.563480043411255], [22.93902015686035, 5, 4.5878040313720705], [22.994688034057617, 5, 4.598937606811523], [23.03224778175354, 5, 4.606449556350708], [23.105528354644775, 5, 4.621105670928955], [23.37226700782776, 5, 4.674453401565552], [23.6562602519989, 5, 4.73125205039978]], "all_failure_modes": {"0": {"0": [["aligned_bottom", 1, 2]], "1": [["aligned_bottom", 1, 2]], "4": [["aligned_bottom", 1, 2]]}, "1": {"1": [["aligned_bottom", 1, 2]], "4": [["aligned_bottom", 1, 2]]}, "2": {"0": [["aligned_bottom", 1, 2]], "1": [["aligned_bottom", 1, 2]], "4": [["aligned_bottom", 1, 2]]}, "3": {"1": [["aligned_bottom", 1, 2]], "4": [["aligned_bottom", 1, 2]]}, "4": {"0": [["aligned_bottom", 1, 2]], "1": [["aligned_bottom", 1, 2]]}, "5": {}, "6": {}, "7": {}, "8": {"1": [["aligned_bottom", 1, 2]]}, "9": {"0": [["aligned_bottom", 1, 2]], "1": [["aligned_bottom", 1, 2]]}}, "eval_tries": 9, "visualize": false}, "3": {"success": [[0, 0]], "success_rate": 0.2, "success_rate_top3": 0.2, "model_ave_sample_time": 4.965392765998841, "success_rounds": {"0": 0}, "sampling_time": [[25.699490785598755, 5, 5.139898157119751], [26.470431566238403, 5, 5.29408631324768], [26.457303524017334, 5, 5.291460704803467], [26.314167976379395, 5, 5.262833595275879], [26.447485208511353, 5, 5.289497041702271], [25.45673966407776, 5, 5.091347932815552], [22.897228002548218, 5, 4.5794456005096436], [22.667585611343384, 5, 4.533517122268677], [22.874093770980835, 5, 4.574818754196167], [22.98918104171753, 5, 4.597836208343506]], "all_failure_modes": {"0": {"1": [["aligned_bottom", 1, 2], ["aligned_bottom", 1, 3], ["aligned_bottom", 2, 3]], "2": [["aligned_bottom", 1, 2], ["aligned_bottom", 1, 3], ["aligned_bottom", 2, 3]]}, "1": {"2": [["aligned_bottom", 1, 2], ["aligned_bottom", 1, 3], ["aligned_bottom", 2, 3]], "4": [["aligned_bottom", 1, 2], ["aligned_bottom", 1, 3]]}, "2": {"1": [["aligned_bottom", 1, 2], ["aligned_bottom", 1, 3], ["aligned_bottom", 2, 3]], "4": [["aligned_bottom", 1, 2], ["aligned_bottom", 1, 3]]}, "3": {"1": [["aligned_bottom", 1, 2], ["aligned_bottom", 1, 3], ["aligned_bottom", 2, 3]]}, "4": {}, "5": {"1": [["aligned_bottom", 1, 2], ["aligned_bottom", 1, 3], ["aligned_bottom", 2, 3]], "2": [["aligned_bottom", 1, 3], ["aligned_bottom", 2, 3]]}, "6": {"3": [["aligned_bottom", 1, 2], ["aligned_bottom", 1, 3]]}, "7": {}, "8": {"2": [["aligned_bottom", 1, 2], ["aligned_bottom", 1, 3], ["aligned_bottom", 2, 3]], "3": [["aligned_bottom", 1, 2], ["aligned_bottom", 1, 3], ["aligned_bottom", 2, 3]], "4": [["aligned_bottom", 1, 2], ["aligned_bottom", 1, 3]]}, "9": {"1": [["aligned_bottom", 1, 2], ["aligned_bottom", 1, 3], ["aligned_bottom", 2, 3]], "3": [["aligned_bottom", 1, 2], ["aligned_bottom", 1, 3]], "4": [["aligned_bottom", 1, 3], ["aligned_bottom", 2, 3]]}}, "eval_tries": 9, "visualize": false}}