{"2": {"success": [[2, 1], [3, 1], [4, 2], [1, 3]], "success_rate": 0.0, "success_rate_top3": 0.8, "model_ave_sample_time": 6.745540657043458, "success_rounds": {"2": 1, "3": 1, "4": 2, "1": 3}, "sampling_time": [[43.54217839241028, 5, 8.708435678482056], [40.35194778442383, 5, 8.070389556884766], [25.642654180526733, 5, 5.128530836105346], [23.716978073120117, 5, 4.743395614624023], [23.41798496246338, 5, 4.683596992492676], [23.31696367263794, 5, 4.663392734527588], [29.018073797225952, 5, 5.803614759445191], [43.2633593082428, 5, 8.65267186164856], [44.29485583305359, 5, 8.858971166610718], [40.71479558944702, 5, 8.142959117889404]], "all_failure_modes": {"0": {"0": [["aligned_bottom", 1, 2]], "1": [["aligned_bottom", 1, 2]], "2": [["aligned_bottom", 1, 2]], "3": [["aligned_bottom", 1, 2]], "4": [["aligned_bottom", 1, 2]]}, "1": {"0": [["aligned_bottom", 1, 2]], "1": [["aligned_bottom", 1, 2]], "4": [["aligned_bottom", 1, 2]]}, "2": {"0": [["aligned_bottom", 1, 2]], "1": [["aligned_bottom", 1, 2]]}, "3": {"0": [["aligned_bottom", 1, 2]]}, "4": {"0": [["aligned_bottom", 1, 2]]}, "5": {"0": [["aligned_bottom", 1, 2]]}, "6": {"0": [["aligned_bottom", 1, 2]]}, "7": {"0": [["aligned_bottom", 1, 2]]}, "8": {"0": [["aligned_bottom", 1, 2]]}, "9": {"0": [["aligned_bottom", 1, 2]]}}, "eval_tries": 9, "visualize": false}, "3": {"success": [[4, 0], [0, 3]], "success_rate": 0.2, "success_rate_top3": 0.4, "model_ave_sample_time": 5.011728715896607, "success_rounds": {"4": 0, "0": 3}, "sampling_time": [[24.47819685935974, 5, 4.895639371871948], [23.386815309524536, 5, 4.677363061904908], [24.38735342025757, 5, 4.877470684051514], [26.40755033493042, 5, 5.281510066986084], [26.341439485549927, 5, 5.268287897109985], [26.267945051193237, 5, 5.253589010238647], [26.392616510391235, 5, 5.278523302078247], [26.34169888496399, 5, 5.268339776992798], [23.88235330581665, 5, 4.77647066116333], [22.703125715255737, 5, 4.540625143051147]], "all_failure_modes": {"0": {"0": [["aligned_bottom", 1, 3], ["aligned_bottom", 2, 3]], "1": [["aligned_bottom", 1, 2], ["aligned_bottom", 1, 3], ["aligned_bottom", 2, 3]], "2": [["aligned_bottom", 1, 3], ["aligned_bottom", 2, 3]], "3": [["aligned_bottom", 1, 2], ["aligned_bottom", 1, 3]]}, "1": {"0": [["aligned_bottom", 1, 2], ["aligned_bottom", 1, 3], ["aligned_bottom", 2, 3]], "1": [["aligned_bottom", 1, 2], ["aligned_bottom", 1, 3], ["aligned_bottom", 2, 3]], "2": [["aligned_bottom", 1, 3], ["aligned_bottom", 2, 3]], "3": [["aligned_bottom", 1, 2], ["aligned_bottom", 1, 3]]}, "2": {"0": [["aligned_bottom", 1, 2], ["aligned_bottom", 1, 3], ["aligned_bottom", 2, 3]], "1": [["aligned_bottom", 1, 2], ["aligned_bottom", 1, 3], ["aligned_bottom", 2, 3]], "2": [["aligned_bottom", 1, 2], ["aligned_bottom", 1, 3], ["aligned_bottom", 2, 3]], "3": [["aligned_bottom", 1, 2], ["aligned_bottom", 1, 3], ["aligned_bottom", 2, 3]]}, "3": {"1": [["aligned_bottom", 1, 2], ["aligned_bottom", 1, 3], ["aligned_bottom", 2, 3]], "2": [["aligned_bottom", 1, 2], ["aligned_bottom", 1, 3], ["aligned_bottom", 2, 3]], "3": [["aligned_bottom", 1, 2], ["aligned_bottom", 1, 3]]}, "4": {"1": [["aligned_bottom", 1, 2], ["aligned_bottom", 1, 3], ["aligned_bottom", 2, 3]], "2": [["aligned_bottom", 1, 3], ["aligned_bottom", 2, 3]], "3": [["aligned_bottom", 1, 2], ["aligned_bottom", 1, 3]]}, "5": {"1": [["aligned_bottom", 1, 2], ["aligned_bottom", 1, 3], ["aligned_bottom", 2, 3]], "2": [["aligned_bottom", 1, 3], ["aligned_bottom", 2, 3]], "3": [["aligned_bottom", 1, 2], ["aligned_bottom", 1, 3]]}, "6": {"1": [["aligned_bottom", 1, 2], ["aligned_bottom", 1, 3], ["aligned_bottom", 2, 3]], "2": [["aligned_bottom", 1, 3], ["aligned_bottom", 2, 3]], "3": [["aligned_bottom", 1, 2], ["aligned_bottom", 1, 3], ["aligned_bottom", 2, 3]]}, "7": {"1": [["aligned_bottom", 1, 2], ["aligned_bottom", 1, 3], ["aligned_bottom", 2, 3]], "2": [["aligned_bottom", 1, 2], ["aligned_bottom", 1, 3], ["aligned_bottom", 2, 3]], "3": [["aligned_bottom", 1, 2], ["aligned_bottom", 1, 3]]}, "8": {"1": [["aligned_bottom", 1, 2], ["aligned_bottom", 1, 3], ["aligned_bottom", 2, 3]], "2": [["aligned_bottom", 1, 3], ["aligned_bottom", 2, 3]], "3": [["aligned_bottom", 1, 2], ["aligned_bottom", 1, 3]]}, "9": {"1": [["aligned_bottom", 1, 2], ["aligned_bottom", 1, 3], ["aligned_bottom", 2, 3]], "2": [["aligned_bottom", 1, 3], ["aligned_bottom", 2, 3]], "3": [["aligned_bottom", 1, 2], ["aligned_bottom", 1, 3]]}}, "eval_tries": 9, "visualize": false}}