{"2": {"success": [[3, 0], [4, 0], [2, 1], [1, 2]], "success_rate": 0.4, "success_rate_top3": 0.8, "model_ave_sample_time": 4.581997165679931, "success_rounds": {"3": 0, "4": 0, "2": 1, "1": 2}, "sampling_time": [[22.70766568183899, 5, 4.541533136367798], [22.618592262268066, 5, 4.523718452453613], [22.611008644104004, 5, 4.522201728820801], [22.626651287078857, 5, 4.525330257415772], [23.33030366897583, 5, 4.666060733795166], [22.97670817375183, 5, 4.595341634750366], [23.080547332763672, 5, 4.616109466552734], [23.120685338974, 5, 4.6241370677948], [22.998498916625977, 5, 4.599699783325195], [23.032564640045166, 5, 4.606512928009034]], "all_failure_modes": {"0": {"0": [["aligned_bottom", 1, 2]], "1": [["aligned_bottom", 1, 2]], "2": [["aligned_bottom", 1, 2]]}, "1": {"0": [["aligned_bottom", 1, 2]], "1": [["aligned_bottom", 1, 2]]}, "2": {"0": [["aligned_bottom", 1, 2]]}, "3": {"0": [["aligned_bottom", 1, 2]]}, "4": {"0": [["aligned_bottom", 1, 2]]}, "5": {"0": [["aligned_bottom", 1, 2]]}, "6": {"0": [["aligned_bottom", 1, 2]]}, "7": {"0": [["aligned_bottom", 1, 2]]}, "8": {"0": [["aligned_bottom", 1, 2]]}, "9": {"0": [["aligned_bottom", 1, 2]]}}, "eval_tries": 9, "visualize": false}, "3": {"success": [[4, 2], [0, 3]], "success_rate": 0.0, "success_rate_top3": 0.4, "model_ave_sample_time": 4.944193835258484, "success_rounds": {"4": 2, "0": 3}, "sampling_time": [[23.065446853637695, 5, 4.613089370727539], [22.93390130996704, 5, 4.586780261993408], [22.940449714660645, 5, 4.588089942932129], [22.91220712661743, 5, 4.582441425323486], [24.02198052406311, 5, 4.804396104812622], [26.178826808929443, 5, 5.235765361785889], [26.28404426574707, 5, 5.256808853149414], [26.343944787979126, 5, 5.2687889575958256], [26.265151739120483, 5, 5.2530303478240965], [26.2665274143219, 5, 5.25330548286438]], "all_failure_modes": {"0": {"0": [["aligned_bottom", 1, 2], ["aligned_bottom", 1, 3], ["aligned_bottom", 2, 3]], "1": [["aligned_bottom", 1, 2], ["aligned_bottom", 1, 3], ["aligned_bottom", 2, 3]], "2": [["aligned_bottom", 1, 3], ["aligned_bottom", 2, 3]], "3": [["aligned_bottom", 1, 2], ["aligned_bottom", 1, 3]], "4": [["aligned_bottom", 1, 3], ["aligned_bottom", 2, 3]]}, "1": {"0": [["aligned_bottom", 1, 2], ["aligned_bottom", 1, 3]], "1": [["aligned_bottom", 1, 2], ["aligned_bottom", 1, 3], ["aligned_bottom", 2, 3]], "2": [["aligned_bottom", 1, 2], ["aligned_bottom", 2, 3]], "3": [["aligned_bottom", 1, 2], ["aligned_bottom", 1, 3]], "4": [["aligned_bottom", 1, 2], ["aligned_bottom", 1, 3]]}, "2": {"0": [["aligned_bottom", 1, 2], ["aligned_bottom", 1, 3], ["aligned_bottom", 2, 3]], "1": [["aligned_bottom", 1, 2], ["aligned_bottom", 1, 3], ["aligned_bottom", 2, 3]], "2": [["aligned_bottom", 1, 2], ["aligned_bottom", 1, 3], ["aligned_bottom", 2, 3]], "3": [["aligned_bottom", 1, 2], ["aligned_bottom", 1, 3]]}, "3": {"1": [["aligned_bottom", 1, 2], ["aligned_bottom", 1, 3], ["aligned_bottom", 2, 3]], "2": [["aligned_bottom", 1, 3], ["aligned_bottom", 2, 3]], "3": [["aligned_bottom", 1, 2], ["aligned_bottom", 1, 3]]}, "4": {"1": [["aligned_bottom", 1, 2], ["aligned_bottom", 1, 3], ["aligned_bottom", 2, 3]], "2": [["aligned_bottom", 1, 3], ["aligned_bottom", 2, 3]], "3": [["aligned_bottom", 1, 2], ["aligned_bottom", 1, 3]]}, "5": {"1": [["aligned_bottom", 1, 2], ["aligned_bottom", 1, 3], ["aligned_bottom", 2, 3]], "2": [["aligned_bottom", 1, 2], ["aligned_bottom", 1, 3], ["aligned_bottom", 2, 3]], "3": [["aligned_bottom", 1, 2], ["aligned_bottom", 1, 3], ["aligned_bottom", 2, 3]]}, "6": {"1": [["aligned_bottom", 1, 2], ["aligned_bottom", 1, 3], ["aligned_bottom", 2, 3]], "2": [["aligned_bottom", 1, 3], ["aligned_bottom", 2, 3]], "3": [["aligned_bottom", 1, 2], ["aligned_bottom", 1, 3]]}, "7": {"1": [["aligned_bottom", 1, 2], ["aligned_bottom", 1, 3], ["aligned_bottom", 2, 3]], "2": [["aligned_bottom", 1, 2], ["aligned_bottom", 1, 3], ["aligned_bottom", 2, 3]], "3": [["aligned_bottom", 1, 2], ["aligned_bottom", 1, 3], ["aligned_bottom", 2, 3]]}, "8": {"1": [["aligned_bottom", 1, 2], ["aligned_bottom", 1, 3], ["aligned_bottom", 2, 3]], "2": [["aligned_bottom", 1, 3], ["aligned_bottom", 2, 3]], "3": [["aligned_bottom", 1, 2], ["aligned_bottom", 1, 3]]}, "9": {"1": [["aligned_bottom", 1, 2], ["aligned_bottom", 1, 3], ["aligned_bottom", 2, 3]], "2": [["aligned_bottom", 1, 3], ["aligned_bottom", 2, 3]], "3": [["aligned_bottom", 1, 2], ["aligned_bottom", 1, 3]]}}, "eval_tries": 9, "visualize": false}}