{"2": {"success": [[2, 0], [3, 4], [4, 8]], "success_rate": 0.2, "success_rate_top3": 0.6, "model_ave_sample_time": 8.748463034629822, "success_rounds": {"2": 0, "3": 4, "4": 8}, "sampling_time": [[34.572667598724365, 5, 6.914533519744873], [40.72988438606262, 5, 8.145976877212524], [45.24909710884094, 5, 9.049819421768188], [46.216830015182495, 5, 9.243366003036499], [45.93238115310669, 5, 9.186476230621338], [46.70280313491821, 5, 9.340560626983642], [46.31509447097778, 5, 9.263018894195557], [45.9459125995636, 5, 9.18918251991272], [43.93100666999817, 5, 8.786201333999633], [41.83041310310364, 5, 8.366082620620727]], "all_failure_modes": {"0": {"4": [["aligned_bottom", 1, 2]]}, "1": {"0": [["aligned_bottom", 1, 2]], "3": [["aligned_bottom", 1, 2]]}, "2": {"1": [["aligned_bottom", 1, 2]], "3": [["aligned_bottom", 1, 2]], "4": [["aligned_bottom", 1, 2]]}, "3": {"1": [["aligned_bottom", 1, 2]], "4": [["aligned_bottom", 1, 2]]}, "4": {"0": [["aligned_bottom", 1, 2]], "4": [["aligned_bottom", 1, 2]]}, "5": {"1": [["aligned_bottom", 1, 2]]}, "6": {"0": [["aligned_bottom", 1, 2]]}, "7": {}, "8": {"1": [["aligned_bottom", 1, 2]]}, "9": {"0": [["aligned_bottom", 1, 2]]}}, "eval_tries": 9, "visualize": false}, "3": {"success": [[4, 8], [0, 9]], "success_rate": 0.0, "success_rate_top3": 0.4, "model_ave_sample_time": 6.2382239866256715, "success_rounds": {"4": 8, "0": 9}, "sampling_time": [[42.932576179504395, 5, 8.58651523590088], [34.23224353790283, 5, 6.846448707580566], [34.32402181625366, 5, 6.864804363250732], [34.40852975845337, 5, 6.881705951690674], [31.971834897994995, 5, 6.394366979598999], [30.3887722492218, 5, 6.0777544498443605], [30.22946572303772, 5, 6.045893144607544], [27.45871901512146, 5, 5.491743803024292], [22.9745614528656, 5, 4.59491229057312], [22.993366241455078, 5, 4.598673248291016]], "all_failure_modes": {"0": {"2": [["aligned_bottom", 1, 2], ["aligned_bottom", 1, 3], ["aligned_bottom", 2, 3]]}, "1": {"1": [["aligned_bottom", 1, 2], ["aligned_bottom", 1, 3], ["aligned_bottom", 2, 3]]}, "2": {"1": [["aligned_bottom", 1, 2]]}, "3": {"2": [["aligned_bottom", 1, 2], ["aligned_bottom", 1, 3], ["aligned_bottom", 2, 3]]}, "4": {}, "5": {}, "6": {}, "7": {}, "8": {}, "9": {}}, "eval_tries": 9, "visualize": false}}