{"2": {"success": [[1, 0], [2, 0], [3, 0], [4, 0]], "success_rate": 0.8, "success_rate_top3": 0.8, "model_ave_sample_time": 4.9100862932205205, "success_rounds": {"1": 0, "2": 0, "3": 0, "4": 0}, "sampling_time": [[22.786459922790527, 5, 4.5572919845581055], [22.76080870628357, 5, 4.552161741256714], [22.743975162506104, 5, 4.5487950325012205], [26.219204425811768, 5, 5.243840885162354], [29.78583836555481, 5, 5.957167673110962], [28.755711317062378, 5, 5.751142263412476], [23.097800254821777, 5, 4.619560050964355], [23.138861179351807, 5, 4.627772235870362], [23.11895513534546, 5, 4.623791027069092], [23.100098609924316, 5, 4.620019721984863]], "all_failure_modes": {"0": {"0": [["aligned_bottom", 1, 2]]}, "1": {"0": [["aligned_bottom", 1, 2]]}, "2": {"0": [["aligned_bottom", 1, 2]]}, "3": {"0": [["aligned_bottom", 1, 2]]}, "4": {"0": [["aligned_bottom", 1, 2]]}, "5": {"0": [["aligned_bottom", 1, 2]]}, "6": {"0": [["aligned_bottom", 1, 2]]}, "7": {"0": [["aligned_bottom", 1, 2]]}, "8": {"0": [["aligned_bottom", 1, 2]]}, "9": {"0": [["aligned_bottom", 1, 2]]}}, "eval_tries": 9, "visualize": false}, "3": {"success": [[0, 0], [1, 0], [4, 0]], "success_rate": 0.6, "success_rate_top3": 0.6, "model_ave_sample_time": 4.869587626457214, "success_rounds": {"0": 0, "1": 0, "4": 0}, "sampling_time": [[23.255495309829712, 5, 4.651099061965942], [22.86697769165039, 5, 4.573395538330078], [22.74063491821289, 5, 4.548126983642578], [22.73897099494934, 5, 4.547794198989868], [23.044002532958984, 5, 4.6088005065917965], [23.68667697906494, 5, 4.7373353958129885], [26.323585271835327, 5, 5.264717054367066], [26.246206521987915, 5, 5.249241304397583], [26.296674489974976, 5, 5.259334897994995], [26.282697916030884, 5, 5.256539583206177]], "all_failure_modes": {"0": {"2": [["aligned_bottom", 1, 3], ["aligned_bottom", 2, 3]], "3": [["aligned_bottom", 1, 2], ["aligned_bottom", 1, 3], ["aligned_bottom", 2, 3]]}, "1": {"2": [["aligned_bottom", 1, 3], ["aligned_bottom", 2, 3]], "3": [["aligned_bottom", 1, 2], ["aligned_bottom", 1, 3]]}, "2": {"2": [["aligned_bottom", 1, 2], ["aligned_bottom", 2, 3]], "3": [["aligned_bottom", 1, 2], ["aligned_bottom", 1, 3], ["aligned_bottom", 2, 3]]}, "3": {"2": [["aligned_bottom", 1, 3], ["aligned_bottom", 2, 3]], "3": [["aligned_bottom", 1, 2], ["aligned_bottom", 1, 3]]}, "4": {"2": [["aligned_bottom", 1, 3], ["aligned_bottom", 2, 3]], "3": [["aligned_bottom", 1, 2], ["aligned_bottom", 1, 3]]}, "5": {"2": [["aligned_bottom", 1, 2], ["aligned_bottom", 1, 3], ["aligned_bottom", 2, 3]], "3": [["aligned_bottom", 1, 2], ["aligned_bottom", 1, 3]]}, "6": {"2": [["aligned_bottom", 1, 2], ["aligned_bottom", 1, 3], ["aligned_bottom", 2, 3]], "3": [["aligned_bottom", 1, 2], ["aligned_bottom", 1, 3], ["aligned_bottom", 2, 3]]}, "7": {"2": [["aligned_bottom", 1, 3], ["aligned_bottom", 2, 3]], "3": [["aligned_bottom", 1, 2], ["aligned_bottom", 1, 3]]}, "8": {"2": [["aligned_bottom", 1, 2], ["aligned_bottom", 2, 3]], "3": [["aligned_bottom", 1, 2], ["aligned_bottom", 1, 3], ["aligned_bottom", 2, 3]]}, "9": {"2": [["aligned_bottom", 1, 3], ["aligned_bottom", 2, 3]], "3": [["aligned_bottom", 1, 2], ["aligned_bottom", 1, 3], ["aligned_bottom", 2, 3]]}}, "eval_tries": 9, "visualize": false}}