{"2": {"success": [[2, 2], [3, 4], [4, 8]], "success_rate": 0.0, "success_rate_top3": 0.6, "model_ave_sample_time": 4.763032426834107, "success_rounds": {"2": 2, "3": 4, "4": 8}, "sampling_time": [[23.487316370010376, 5, 4.697463274002075], [23.74567198753357, 5, 4.7491343975067135], [23.318215131759644, 5, 4.663643026351929], [23.50692868232727, 5, 4.701385736465454], [23.619853258132935, 5, 4.723970651626587], [23.378942728042603, 5, 4.675788545608521], [23.389837503433228, 5, 4.677967500686646], [23.3319149017334, 5, 4.66638298034668], [24.33016610145569, 5, 4.866033220291138], [26.045361518859863, 5, 5.209072303771973]], "all_failure_modes": {"0": {}, "1": {"2": [["aligned_bottom", 1, 2]]}, "2": {}, "3": {"3": [["aligned_bottom", 1, 2]], "4": [["aligned_bottom", 1, 2]]}, "4": {"0": [["aligned_bottom", 1, 2]]}, "5": {"0": [["aligned_bottom", 1, 2]]}, "6": {"0": [["aligned_bottom", 1, 2]], "4": [["aligned_bottom", 1, 2]]}, "7": {}, "8": {}, "9": {}}, "eval_tries": 9, "visualize": false}, "3": {"success": [[0, 2], [4, 9]], "success_rate": 0.0, "success_rate_top3": 0.4, "model_ave_sample_time": 4.986357078552246, "success_rounds": {"0": 2, "4": 9}, "sampling_time": [[26.45610237121582, 5, 5.291220474243164], [26.426209688186646, 5, 5.285241937637329], [26.484468460083008, 5, 5.296893692016601], [26.41585946083069, 5, 5.283171892166138], [23.902369499206543, 5, 4.780473899841309], [23.61957359313965, 5, 4.723914718627929], [23.156761646270752, 5, 4.631352329254151], [23.090099334716797, 5, 4.618019866943359], [22.93931269645691, 5, 4.587862539291382], [26.82989239692688, 5, 5.365978479385376]], "all_failure_modes": {"0": {"2": [["aligned_bottom", 1, 3], ["aligned_bottom", 2, 3]]}, "1": {}, "2": {}, "3": {}, "4": {}, "5": {"4": [["aligned_bottom", 1, 2], ["aligned_bottom", 1, 3]]}, "6": {"1": [["aligned_bottom", 1, 2], ["aligned_bottom", 1, 3], ["aligned_bottom", 2, 3]]}, "7": {}, "8": {}, "9": {}}, "eval_tries": 9, "visualize": false}}