{"2": {"success": [[4, 7]], "success_rate": 0.0, "success_rate_top3": 0.2, "model_ave_sample_time": 4.917555780410767, "success_rounds": {"4": 7}, "sampling_time": [[26.06788921356201, 5, 5.213577842712402], [26.05246877670288, 5, 5.210493755340576], [26.11660671234131, 5, 5.223321342468262], [26.4329731464386, 5, 5.28659462928772], [25.67976951599121, 5, 5.135953903198242], [22.994829654693604, 5, 4.5989659309387205], [23.665422916412354, 5, 4.733084583282471], [22.878289699554443, 5, 4.575657939910888], [23.033734798431396, 5, 4.606746959686279], [22.958444356918335, 5, 4.591688871383667]], "all_failure_modes": {"0": {"0": [["aligned_bottom", 1, 2]], "1": [["aligned_bottom", 1, 2]], "2": [["aligned_bottom", 1, 2]], "3": [["aligned_bottom", 1, 2]], "4": [["aligned_bottom", 1, 2]]}, "1": {"1": [["aligned_bottom", 1, 2]], "2": [["aligned_bottom", 1, 2]], "3": [["aligned_bottom", 1, 2]], "4": [["aligned_bottom", 1, 2]]}, "2": {"0": [["aligned_bottom", 1, 2]], "1": [["aligned_bottom", 1, 2]], "2": [["aligned_bottom", 1, 2]], "3": [["aligned_bottom", 1, 2]], "4": [["aligned_bottom", 1, 2]]}, "3": {"0": [["aligned_bottom", 1, 2]], "1": [["aligned_bottom", 1, 2]], "2": [["aligned_bottom", 1, 2]], "3": [["aligned_bottom", 1, 2]], "4": [["aligned_bottom", 1, 2]]}, "4": {"0": [["aligned_bottom", 1, 2]], "1": [["aligned_bottom", 1, 2]], "2": [["aligned_bottom", 1, 2]], "3": [["aligned_bottom", 1, 2]], "4": [["aligned_bottom", 1, 2]]}, "5": {"0": [["aligned_bottom", 1, 2]], "1": [["aligned_bottom", 1, 2]], "2": [["aligned_bottom", 1, 2]], "3": [["aligned_bottom", 1, 2]], "4": [["aligned_bottom", 1, 2]]}, "6": {"0": [["aligned_bottom", 1, 2]], "1": [["aligned_bottom", 1, 2]], "2": [["aligned_bottom", 1, 2]], "3": [["aligned_bottom", 1, 2]], "4": [["aligned_bottom", 1, 2]]}, "7": {"0": [["aligned_bottom", 1, 2]], "1": [["aligned_bottom", 1, 2]], "2": [["aligned_bottom", 1, 2]], "3": [["aligned_bottom", 1, 2]]}, "8": {"0": [["aligned_bottom", 1, 2]], "1": [["aligned_bottom", 1, 2]], "2": [["aligned_bottom", 1, 2]], "3": [["aligned_bottom", 1, 2]]}, "9": {"0": [["aligned_bottom", 1, 2]], "1": [["aligned_bottom", 1, 2]], "2": [["aligned_bottom", 1, 2]], "3": [["aligned_bottom", 1, 2]]}}, "eval_tries": 9, "visualize": false}, "3": {"success": [], "success_rate": 0.0, "success_rate_top3": 0.0, "model_ave_sample_time": 6.614398708343506, "success_rounds": {}, "sampling_time": [[22.975055694580078, 5, 4.595011138916016], [23.378369331359863, 5, 4.675673866271973], [23.203107595443726, 5, 4.640621519088745], [25.164541244506836, 5, 5.032908248901367], [30.24272084236145, 5, 6.04854416847229], [31.328343868255615, 5, 6.265668773651123], [38.556401014328, 5, 7.7112802028656], [44.57685041427612, 5, 8.915370082855224], [45.33144783973694, 5, 9.066289567947388], [45.9658043384552, 5, 9.19316086769104]], "all_failure_modes": {"0": {}, "1": {}, "2": {}, "3": {}, "4": {}, "5": {}, "6": {}, "7": {}, "8": {}, "9": {}}, "eval_tries": 9, "visualize": false}}