{"2": {"success": [[3, 1], [4, 1], [2, 2], [1, 5]], "success_rate": 0.0, "success_rate_top3": 0.8, "model_ave_sample_time": 5.026479191780091, "success_rounds": {"3": 1, "4": 1, "2": 2, "1": 5}, "sampling_time": [[23.108935356140137, 5, 4.621787071228027], [23.71166205406189, 5, 4.742332410812378], [25.907604694366455, 5, 5.181520938873291], [26.31338357925415, 5, 5.26267671585083], [26.199876308441162, 5, 5.239975261688232], [26.344604969024658, 5, 5.268920993804931], [26.224193572998047, 5, 5.244838714599609], [26.54224395751953, 5, 5.308448791503906], [23.645344972610474, 5, 4.729068994522095], [23.328929901123047, 5, 4.6657859802246096]], "all_failure_modes": {"0": {"1": [["aligned_bottom", 1, 2]], "2": [["aligned_bottom", 1, 2]], "3": [["aligned_bottom", 1, 2]], "4": [["aligned_bottom", 1, 2]]}, "1": {"2": [["aligned_bottom", 1, 2]]}, "2": {"0": [["aligned_bottom", 1, 2]], "1": [["aligned_bottom", 1, 2]]}, "3": {"0": [["aligned_bottom", 1, 2]]}, "4": {"0": [["aligned_bottom", 1, 2]], "1": [["aligned_bottom", 1, 2]]}, "5": {"0": [["aligned_bottom", 1, 2]]}, "6": {"0": [["aligned_bottom", 1, 2]]}, "7": {"0": [["aligned_bottom", 1, 2]]}, "8": {"0": [["aligned_bottom", 1, 2]]}, "9": {"0": [["aligned_bottom", 1, 2]]}}, "eval_tries": 9, "visualize": false}, "3": {"success": [[0, 1], [4, 2]], "success_rate": 0.0, "success_rate_top3": 0.4, "model_ave_sample_time": 5.922932343482971, "success_rounds": {"0": 1, "4": 2}, "sampling_time": [[23.68411374092102, 5, 4.7368227481842045], [23.491538763046265, 5, 4.698307752609253], [32.00382876396179, 5, 6.400765752792358], [30.781303882598877, 5, 6.156260776519775], [31.025834798812866, 5, 6.205166959762574], [30.93527865409851, 5, 6.1870557308197025], [31.040812492370605, 5, 6.208162498474121], [31.28179693222046, 5, 6.256359386444092], [31.13295817375183, 5, 6.226591634750366], [30.772689819335938, 5, 6.154537963867187]], "all_failure_modes": {"0": {"1": [["aligned_bottom", 1, 2], ["aligned_bottom", 1, 3], ["aligned_bottom", 2, 3]], "2": [["aligned_bottom", 1, 2], ["aligned_bottom", 1, 3], ["aligned_bottom", 2, 3]], "4": [["aligned_bottom", 1, 2], ["aligned_bottom", 1, 3]]}, "1": {"1": [["aligned_bottom", 1, 2], ["aligned_bottom", 1, 3], ["aligned_bottom", 2, 3]], "2": [["aligned_bottom", 1, 3], ["aligned_bottom", 2, 3]], "3": [["aligned_bottom", 1, 2], ["aligned_bottom", 1, 3]]}, "2": {}, "3": {"1": [["aligned_bottom", 1, 2], ["aligned_bottom", 1, 3], ["aligned_bottom", 2, 3]], "2": [["aligned_bottom", 1, 3], ["aligned_bottom", 2, 3]], "3": [["aligned_bottom", 1, 2], ["aligned_bottom", 1, 3]]}, "4": {"3": [["aligned_bottom", 1, 2], ["aligned_bottom", 1, 3]]}, "5": {"2": [["aligned_bottom", 1, 2], ["aligned_bottom", 1, 3], ["aligned_bottom", 2, 3]], "3": [["aligned_bottom", 1, 2], ["aligned_bottom", 1, 3]]}, "6": {"1": [["aligned_bottom", 1, 2], ["aligned_bottom", 1, 3], ["aligned_bottom", 2, 3]], "2": [["aligned_bottom", 1, 3], ["aligned_bottom", 2, 3]]}, "7": {"2": [["aligned_bottom", 1, 2], ["aligned_bottom", 1, 3], ["aligned_bottom", 2, 3]]}, "8": {"2": [["aligned_bottom", 1, 3], ["aligned_bottom", 2, 3]]}, "9": {"1": [["aligned_bottom", 1, 2], ["aligned_bottom", 1, 3], ["aligned_bottom", 2, 3]], "2": [["aligned_bottom", 1, 3], ["aligned_bottom", 2, 3]], "3": [["aligned_bottom", 1, 2], ["aligned_bottom", 1, 3]]}}, "eval_tries": 9, "visualize": false}}