{"2": {"success": [[2, 0]], "success_rate": 0.2, "success_rate_top3": 0.2, "model_ave_sample_time": 4.924677886962891, "success_rounds": {"2": 0}, "sampling_time": [[25.001641750335693, 5, 5.0003283500671385], [26.11495327949524, 5, 5.222990655899048], [26.17781710624695, 5, 5.23556342124939], [26.151125192642212, 5, 5.230225038528443], [26.2334144115448, 5, 5.24668288230896], [25.671578645706177, 5, 5.134315729141235], [22.669134378433228, 5, 4.533826875686645], [22.788574695587158, 5, 4.557714939117432], [22.578863620758057, 5, 4.515772724151612], [22.849165678024292, 5, 4.569833135604858]], "all_failure_modes": {"0": {"0": [["aligned_bottom", 1, 2]], "1": [["aligned_bottom", 1, 2]], "4": [["aligned_bottom", 1, 2]]}, "1": {"0": [["aligned_bottom", 1, 2]], "4": [["aligned_bottom", 1, 2]]}, "2": {"0": [["aligned_bottom", 1, 2]], "3": [["aligned_bottom", 1, 2]]}, "3": {}, "4": {"0": [["aligned_bottom", 1, 2]], "1": [["aligned_bottom", 1, 2]]}, "5": {}, "6": {"0": [["aligned_bottom", 1, 2]]}, "7": {"1": [["aligned_bottom", 1, 2]]}, "8": {"0": [["aligned_bottom", 1, 2]], "1": [["aligned_bottom", 1, 2]], "3": [["aligned_bottom", 1, 2]]}, "9": {"0": [["aligned_bottom", 1, 2]], "1": [["aligned_bottom", 1, 2]]}}, "eval_tries": 9, "visualize": false}, "3": {"success": [], "success_rate": 0.0, "success_rate_top3": 0.0, "model_ave_sample_time": 4.578298983573914, "success_rounds": {}, "sampling_time": [[22.965715885162354, 5, 4.593143177032471], [23.042436122894287, 5, 4.608487224578857], [22.9564425945282, 5, 4.59128851890564], [22.93160605430603, 5, 4.586321210861206], [22.879019021987915, 5, 4.575803804397583], [22.843852043151855, 5, 4.568770408630371], [22.76387882232666, 5, 4.552775764465332], [22.83642339706421, 5, 4.567284679412841], [22.856579303741455, 5, 4.571315860748291], [22.84173607826233, 5, 4.568347215652466]], "all_failure_modes": {"0": {"1": [["aligned_bottom", 1, 2], ["aligned_bottom", 1, 3], ["aligned_bottom", 2, 3]]}, "1": {}, "2": {}, "3": {}, "4": {}, "5": {"0": [["aligned_bottom", 1, 2], ["aligned_bottom", 1, 3]], "2": [["aligned_bottom", 1, 2], ["aligned_bottom", 1, 3], ["aligned_bottom", 2, 3]]}, "6": {}, "7": {"1": [["aligned_bottom", 1, 2], ["aligned_bottom", 1, 3], ["aligned_bottom", 2, 3]], "4": [["aligned_bottom", 1, 2], ["aligned_bottom", 1, 3]]}, "8": {}, "9": {}}, "eval_tries": 9, "visualize": false}}