{"2": {"success": [[1, 0], [3, 0], [4, 0], [2, 1]], "success_rate": 0.6, "success_rate_top3": 0.8, "model_ave_sample_time": 4.265388703346252, "success_rounds": {"1": 0, "3": 0, "4": 0, "2": 1}, "sampling_time": [[15.809199571609497, 5, 3.1618399143218996], [15.86734414100647, 5, 3.173468828201294], [16.677112817764282, 5, 3.3354225635528563], [15.695284843444824, 5, 3.1390569686889647], [16.107585906982422, 5, 3.2215171813964845], [26.03192448616028, 5, 5.206384897232056], [26.61875319480896, 5, 5.323750638961792], [26.684584617614746, 5, 5.336916923522949], [26.69636631011963, 5, 5.339273262023926], [27.083648443222046, 5, 5.416729688644409]], "all_failure_modes": {"0": {"0": [["aligned_bottom", 1, 2]], "2": [["aligned_bottom", 1, 2]]}, "1": {"0": [["aligned_bottom", 1, 2]]}, "2": {"0": [["aligned_bottom", 1, 2]]}, "3": {"0": [["aligned_bottom", 1, 2]]}, "4": {"0": [["aligned_bottom", 1, 2]]}, "5": {"0": [["aligned_bottom", 1, 2]]}, "6": {"0": [["aligned_bottom", 1, 2]]}, "7": {"0": [["aligned_bottom", 1, 2]]}, "8": {"0": [["aligned_bottom", 1, 2]]}, "9": {"0": [["aligned_bottom", 1, 2]]}}, "eval_tries": 9, "visualize": false}, "3": {"success": [[0, 7], [4, 8]], "success_rate": 0.0, "success_rate_top3": 0.4, "model_ave_sample_time": 4.84724796295166, "success_rounds": {"0": 7, "4": 8}, "sampling_time": [[24.26878070831299, 5, 4.853756141662598], [22.282469749450684, 5, 4.456493949890136], [22.934978723526, 5, 4.5869957447052006], [22.935181617736816, 5, 4.5870363235473635], [22.920419454574585, 5, 4.584083890914917], [22.743014812469482, 5, 4.548602962493897], [22.734474658966064, 5, 4.546894931793213], [22.724281072616577, 5, 4.544856214523316], [28.63653564453125, 5, 5.72730712890625], [30.18488597869873, 5, 6.0369771957397464]], "all_failure_modes": {"0": {"0": [["aligned_bottom", 1, 2], ["aligned_bottom", 1, 3], ["aligned_bottom", 2, 3]], "1": [["aligned_bottom", 1, 2]], "2": [["aligned_bottom", 1, 2], ["aligned_bottom", 1, 3], ["aligned_bottom", 2, 3]], "3": [["aligned_bottom", 1, 2], ["aligned_bottom", 1, 3]], "4": [["aligned_bottom", 1, 2], ["aligned_bottom", 1, 3]]}, "1": {"0": [["aligned_bottom", 1, 2], ["aligned_bottom", 1, 3]], "1": [["aligned_bottom", 1, 2]], "2": [["aligned_bottom", 1, 3], ["aligned_bottom", 2, 3]], "3": [["aligned_bottom", 1, 2], ["aligned_bottom", 1, 3]], "4": [["aligned_bottom", 1, 2], ["aligned_bottom", 1, 3]]}, "2": {"0": [["aligned_bottom", 1, 2], ["aligned_bottom", 1, 3], ["aligned_bottom", 2, 3]], "1": [["aligned_bottom", 1, 2], ["aligned_bottom", 1, 3], ["aligned_bottom", 2, 3]], "2": [["aligned_bottom", 1, 2], ["aligned_bottom", 1, 3], ["aligned_bottom", 2, 3]], "3": [["aligned_bottom", 1, 2], ["aligned_bottom", 1, 3], ["aligned_bottom", 2, 3]], "4": [["aligned_bottom", 1, 2], ["aligned_bottom", 1, 3], ["aligned_bottom", 2, 3]]}, "3": {"0": [["aligned_bottom", 1, 2], ["aligned_bottom", 2, 3]], "1": [["aligned_bottom", 1, 2], ["aligned_bottom", 1, 3]], "2": [["aligned_bottom", 1, 2], ["aligned_bottom", 1, 3], ["aligned_bottom", 2, 3]], "3": [["aligned_bottom", 1, 2], ["aligned_bottom", 1, 3]], "4": [["aligned_bottom", 1, 2], ["aligned_bottom", 1, 3], ["aligned_bottom", 2, 3]]}, "4": {"0": [["aligned_bottom", 1, 2], ["aligned_bottom", 2, 3]], "1": [["aligned_bottom", 1, 2], ["aligned_bottom", 1, 3]], "2": [["aligned_bottom", 1, 2], ["aligned_bottom", 1, 3], ["aligned_bottom", 2, 3]], "3": [["aligned_bottom", 1, 2], ["aligned_bottom", 1, 3], ["aligned_bottom", 2, 3]], "4": [["aligned_bottom", 1, 2], ["aligned_bottom", 1, 3]]}, "5": {"0": [["aligned_bottom", 1, 2], ["aligned_bottom", 2, 3]], "1": [["aligned_bottom", 1, 2], ["aligned_bottom", 1, 3]], "2": [["aligned_bottom", 1, 2], ["aligned_bottom", 1, 3], ["aligned_bottom", 2, 3]], "3": [["aligned_bottom", 1, 2], ["aligned_bottom", 1, 3]], "4": [["aligned_bottom", 1, 2], ["aligned_bottom", 1, 3]]}, "6": {"0": [["aligned_bottom", 1, 2], ["aligned_bottom", 2, 3]], "1": [["aligned_bottom", 1, 2], ["aligned_bottom", 1, 3]], "2": [["aligned_bottom", 1, 2], ["aligned_bottom", 1, 3], ["aligned_bottom", 2, 3]], "3": [["aligned_bottom", 1, 2], ["aligned_bottom", 1, 3], ["aligned_bottom", 2, 3]], "4": [["aligned_bottom", 1, 2], ["aligned_bottom", 1, 3], ["aligned_bottom", 2, 3]]}, "7": {"1": [["aligned_bottom", 1, 2], ["aligned_bottom", 1, 3]], "2": [["aligned_bottom", 1, 2], ["aligned_bottom", 2, 3]], "3": [["aligned_bottom", 1, 2], ["aligned_bottom", 1, 3], ["aligned_bottom", 2, 3]], "4": [["aligned_bottom", 1, 2], ["aligned_bottom", 1, 3]]}, "8": {"1": [["aligned_bottom", 1, 2], ["aligned_bottom", 1, 3], ["aligned_bottom", 2, 3]], "2": [["aligned_bottom", 1, 3], ["aligned_bottom", 2, 3]], "3": [["aligned_bottom", 1, 2], ["aligned_bottom", 1, 3]]}, "9": {"1": [["aligned_bottom", 1, 2], ["aligned_bottom", 1, 3]], "2": [["aligned_bottom", 1, 2], ["aligned_bottom", 1, 3], ["aligned_bottom", 2, 3]], "3": [["aligned_bottom", 1, 2], ["aligned_bottom", 1, 3], ["aligned_bottom", 2, 3]]}}, "eval_tries": 9, "visualize": false}}