{"2": {"success": [[3, 0], [2, 1]], "success_rate": 0.2, "success_rate_top3": 0.4, "model_ave_sample_time": 4.937171874046326, "success_rounds": {"3": 0, "2": 1}, "sampling_time": [[22.940277576446533, 5, 4.588055515289307], [25.587441444396973, 5, 5.117488288879395], [26.317344427108765, 5, 5.263468885421753], [26.32143783569336, 5, 5.2642875671386715], [26.31206703186035, 5, 5.262413406372071], [26.24226689338684, 5, 5.248453378677368], [25.158445596694946, 5, 5.031689119338989], [22.58600401878357, 5, 4.5172008037567135], [22.667784690856934, 5, 4.533556938171387], [22.72835397720337, 5, 4.545670795440674]], "all_failure_modes": {"0": {}, "1": {"4": [["aligned_bottom", 1, 2]]}, "2": {}, "3": {}, "4": {}, "5": {"4": [["aligned_bottom", 1, 2]]}, "6": {"0": [["aligned_bottom", 1, 2]]}, "7": {}, "8": {}, "9": {}}, "eval_tries": 9, "visualize": false}, "3": {"success": [], "success_rate": 0.0, "success_rate_top3": 0.0, "model_ave_sample_time": 4.582378664016724, "success_rounds": {}, "sampling_time": [[22.953664302825928, 5, 4.590732860565185], [23.015506267547607, 5, 4.6031012535095215], [22.98237109184265, 5, 4.59647421836853], [22.981783628463745, 5, 4.596356725692749], [22.914130687713623, 5, 4.582826137542725], [22.86577582359314, 5, 4.573155164718628], [22.86553692817688, 5, 4.573107385635376], [22.809053421020508, 5, 4.561810684204102], [22.769775867462158, 5, 4.553955173492431], [22.96411657333374, 5, 4.592823314666748]], "all_failure_modes": {"0": {"2": [["aligned_bottom", 1, 2], ["aligned_bottom", 1, 3], ["aligned_bottom", 2, 3]]}, "1": {"0": [["aligned_bottom", 1, 2], ["aligned_bottom", 1, 3]]}, "2": {}, "3": {}, "4": {}, "5": {}, "6": {"4": [["aligned_bottom", 1, 2], ["aligned_bottom", 1, 3]]}, "7": {}, "8": {}, "9": {"1": [["aligned_bottom", 1, 2], ["aligned_bottom", 1, 3], ["aligned_bottom", 2, 3]], "4": [["aligned_bottom", 1, 2], ["aligned_bottom", 1, 3]]}}, "eval_tries": 9, "visualize": false}}