{"2": {"success": [], "success_rate": 0.0, "success_rate_top3": 0.0, "model_ave_sample_time": 6.075482406616211, "success_rounds": {}, "sampling_time": [[26.42143750190735, 5, 5.2842875003814695], [28.853667736053467, 5, 5.7707335472106935], [32.52398204803467, 5, 6.504796409606934], [24.00186061859131, 5, 4.800372123718262], [23.3645920753479, 5, 4.67291841506958], [23.650213718414307, 5, 4.730042743682861], [23.20626425743103, 5, 4.641252851486206], [31.08848524093628, 5, 6.217697048187256], [45.065096855163574, 5, 9.013019371032716], [45.60130310058594, 5, 9.120260620117188]], "all_failure_modes": {"0": {"0": [["aligned_bottom", 1, 2]], "1": [["aligned_bottom", 1, 2]], "3": [["aligned_bottom", 1, 2]], "4": [["aligned_bottom", 1, 2]]}, "1": {"2": [["aligned_bottom", 1, 2]], "4": [["aligned_bottom", 1, 2]]}, "2": {"2": [["aligned_bottom", 1, 2]]}, "3": {"1": [["aligned_bottom", 1, 2]], "3": [["aligned_bottom", 1, 2]], "4": [["aligned_bottom", 1, 2]]}, "4": {"2": [["aligned_bottom", 1, 2]], "4": [["aligned_bottom", 1, 2]]}, "5": {"1": [["aligned_bottom", 1, 2]], "2": [["aligned_bottom", 1, 2]], "3": [["aligned_bottom", 1, 2]], "4": [["aligned_bottom", 1, 2]]}, "6": {"1": [["aligned_bottom", 1, 2]], "4": [["aligned_bottom", 1, 2]]}, "7": {"0": [["aligned_bottom", 1, 2]], "1": [["aligned_bottom", 1, 2]], "3": [["aligned_bottom", 1, 2]]}, "8": {}, "9": {"0": [["aligned_bottom", 1, 2]], "2": [["aligned_bottom", 1, 2]]}}, "eval_tries": 9, "visualize": false}}