{"2": {"success": [[4, 4]], "success_rate": 0.0, "success_rate_top3": 0.2, "model_ave_sample_time": 4.95532220363617, "success_rounds": {"4": 4}, "sampling_time": [[23.313114404678345, 5, 4.662622880935669], [24.10218334197998, 5, 4.820436668395996], [26.281411170959473, 5, 5.256282234191895], [26.399388313293457, 5, 5.279877662658691], [26.28235387802124, 5, 5.256470775604248], [26.47952914237976, 5, 5.295905828475952], [26.308008432388306, 5, 5.261601686477661], [23.029677391052246, 5, 4.60593547821045], [22.791714906692505, 5, 4.558342981338501], [22.781161546707153, 5, 4.55623230934143]], "all_failure_modes": {"0": {}, "1": {}, "2": {}, "3": {}, "4": {}, "5": {}, "6": {}, "7": {"3": [["aligned_bottom", 1, 2]]}, "8": {}, "9": {"0": [["aligned_bottom", 1, 2]]}}, "eval_tries": 9, "visualize": false}, "3": {"success": [], "success_rate": 0.0, "success_rate_top3": 0.0, "model_ave_sample_time": 4.602761559486389, "success_rounds": {}, "sampling_time": [[22.985687971115112, 5, 4.597137594223023], [23.057239770889282, 5, 4.611447954177857], [23.019590854644775, 5, 4.603918170928955], [23.049687147140503, 5, 4.609937429428101], [23.04421854019165, 5, 4.60884370803833], [22.865702867507935, 5, 4.573140573501587], [22.865462064743042, 5, 4.573092412948609], [23.369668006896973, 5, 4.673933601379394], [22.881128072738647, 5, 4.576225614547729], [23.00273871421814, 5, 4.600547742843628]], "all_failure_modes": {"0": {"1": [["aligned_bottom", 1, 2], ["aligned_bottom", 1, 3], ["aligned_bottom", 2, 3]]}, "1": {"1": [["aligned_bottom", 1, 2], ["aligned_bottom", 1, 3], ["aligned_bottom", 2, 3]]}, "2": {"2": [["aligned_bottom", 1, 2], ["aligned_bottom", 1, 3], ["aligned_bottom", 2, 3]]}, "3": {}, "4": {}, "5": {}, "6": {}, "7": {"2": [["aligned_bottom", 1, 2], ["aligned_bottom", 1, 3], ["aligned_bottom", 2, 3]]}, "8": {}, "9": {}}, "eval_tries": 9, "visualize": false}}