{"2": {"success": [[2, 0], [3, 0], [4, 0]], "success_rate": 0.6, "success_rate_top3": 0.6, "model_ave_sample_time": 4.940091624259948, "success_rounds": {"2": 0, "3": 0, "4": 0}, "sampling_time": [[26.424190044403076, 5, 5.284838008880615], [26.483963012695312, 5, 5.296792602539062], [26.447514533996582, 5, 5.289502906799316], [26.438390970230103, 5, 5.287678194046021], [26.448205947875977, 5, 5.289641189575195], [23.36650586128235, 5, 4.67330117225647], [22.840723752975464, 5, 4.568144750595093], [22.735671520233154, 5, 4.547134304046631], [22.89412021636963, 5, 4.578824043273926], [22.927668809890747, 5, 4.58553376197815]], "all_failure_modes": {"0": {"0": [["aligned_bottom", 1, 2]], "1": [["aligned_bottom", 1, 2]]}, "1": {"0": [["aligned_bottom", 1, 2]], "1": [["aligned_bottom", 1, 2]]}, "2": {"0": [["aligned_bottom", 1, 2]], "1": [["aligned_bottom", 1, 2]]}, "3": {"0": [["aligned_bottom", 1, 2]]}, "4": {"0": [["aligned_bottom", 1, 2]], "1": [["aligned_bottom", 1, 2]]}, "5": {"0": [["aligned_bottom", 1, 2]], "1": [["aligned_bottom", 1, 2]]}, "6": {"0": [["aligned_bottom", 1, 2]], "1": [["aligned_bottom", 1, 2]]}, "7": {"0": [["aligned_bottom", 1, 2]], "1": [["aligned_bottom", 1, 2]]}, "8": {"0": [["aligned_bottom", 1, 2]], "1": [["aligned_bottom", 1, 2]]}, "9": {"0": [["aligned_bottom", 1, 2]], "1": [["aligned_bottom", 1, 2]]}}, "eval_tries": 9, "visualize": false}, "3": {"success": [], "success_rate": 0.0, "success_rate_top3": 0.0, "model_ave_sample_time": 4.621883955001831, "success_rounds": {}, "sampling_time": [[23.10619854927063, 5, 4.621239709854126], [23.066788911819458, 5, 4.613357782363892], [23.14615249633789, 5, 4.629230499267578], [23.052703380584717, 5, 4.610540676116943], [23.12327551841736, 5, 4.624655103683471], [22.95792245864868, 5, 4.591584491729736], [23.062469482421875, 5, 4.612493896484375], [23.088384866714478, 5, 4.6176769733428955], [23.398720264434814, 5, 4.679744052886963], [23.095033407211304, 5, 4.619006681442261]], "all_failure_modes": {"0": {"2": [["aligned_bottom", 1, 2], ["aligned_bottom", 1, 3], ["aligned_bottom", 2, 3]]}, "1": {}, "2": {"0": [["aligned_bottom", 1, 2], ["aligned_bottom", 1, 3]], "4": [["aligned_bottom", 1, 2], ["aligned_bottom", 1, 3]]}, "3": {"0": [["aligned_bottom", 1, 2], ["aligned_bottom", 1, 3]], "2": [["aligned_bottom", 1, 2], ["aligned_bottom", 1, 3], ["aligned_bottom", 2, 3]]}, "4": {"0": [["aligned_bottom", 1, 2], ["aligned_bottom", 1, 3]], "2": [["aligned_bottom", 1, 2], ["aligned_bottom", 1, 3], ["aligned_bottom", 2, 3]]}, "5": {"2": [["aligned_bottom", 1, 2], ["aligned_bottom", 1, 3], ["aligned_bottom", 2, 3]], "3": [["aligned_bottom", 1, 2], ["aligned_bottom", 1, 3]]}, "6": {"2": [["aligned_bottom", 1, 2], ["aligned_bottom", 1, 3], ["aligned_bottom", 2, 3]], "4": [["aligned_bottom", 1, 2], ["aligned_bottom", 1, 3]]}, "7": {"0": [["aligned_bottom", 1, 2], ["aligned_bottom", 1, 3]], "2": [["aligned_bottom", 1, 2], ["aligned_bottom", 1, 3], ["aligned_bottom", 2, 3]], "4": [["aligned_bottom", 1, 2], ["aligned_bottom", 1, 3]]}, "8": {"3": [["aligned_bottom", 1, 2], ["aligned_bottom", 1, 3]]}, "9": {"0": [["aligned_bottom", 1, 2], ["aligned_bottom", 1, 3]], "1": [["aligned_bottom", 1, 2], ["aligned_bottom", 1, 3], ["aligned_bottom", 2, 3]]}}, "eval_tries": 9, "visualize": false}}