{"2": {"success": [[2, 0], [3, 0], [4, 0]], "success_rate": 0.6, "success_rate_top3": 0.6, "model_ave_sample_time": 5.9501850080490115, "success_rounds": {"2": 0, "3": 0, "4": 0}, "sampling_time": [[45.2289776802063, 5, 9.04579553604126], [45.39885997772217, 5, 9.079771995544434], [37.74890112876892, 5, 7.549780225753784], [23.088770151138306, 5, 4.617754030227661], [23.447694778442383, 5, 4.689538955688477], [23.246816873550415, 5, 4.649363374710083], [23.016569137573242, 5, 4.603313827514649], [23.900224447250366, 5, 4.780044889450073], [26.157917976379395, 5, 5.231583595275879], [26.277211666107178, 5, 5.255442333221436]], "all_failure_modes": {"0": {"0": [["aligned_bottom", 1, 2]], "1": [["aligned_bottom", 1, 2]]}, "1": {"0": [["aligned_bottom", 1, 2]], "1": [["aligned_bottom", 1, 2]]}, "2": {"0": [["aligned_bottom", 1, 2]], "1": [["aligned_bottom", 1, 2]]}, "3": {"0": [["aligned_bottom", 1, 2]], "1": [["aligned_bottom", 1, 2]]}, "4": {"0": [["aligned_bottom", 1, 2]], "1": [["aligned_bottom", 1, 2]]}, "5": {"0": [["aligned_bottom", 1, 2]], "1": [["aligned_bottom", 1, 2]]}, "6": {"0": [["aligned_bottom", 1, 2]], "1": [["aligned_bottom", 1, 2]]}, "7": {"0": [["aligned_bottom", 1, 2]], "1": [["aligned_bottom", 1, 2]]}, "8": {"0": [["aligned_bottom", 1, 2]], "1": [["aligned_bottom", 1, 2]]}, "9": {"0": [["aligned_bottom", 1, 2]], "1": [["aligned_bottom", 1, 2]]}}, "eval_tries": 9, "visualize": false}, "3": {"success": [], "success_rate": 0.0, "success_rate_top3": 0.0, "model_ave_sample_time": 4.832899041175843, "success_rounds": {}, "sampling_time": [[26.561460971832275, 5, 5.312292194366455], [26.487844705581665, 5, 5.297568941116333], [26.373658418655396, 5, 5.274731683731079], [24.15053415298462, 5, 4.8301068305969235], [22.80815362930298, 5, 4.561630725860596], [22.807992935180664, 5, 4.561598587036133], [23.264845609664917, 5, 4.652969121932983], [23.130154848098755, 5, 4.626030969619751], [22.958271265029907, 5, 4.591654253005982], [23.10459017753601, 5, 4.620918035507202]], "all_failure_modes": {"0": {}, "1": {}, "2": {}, "3": {}, "4": {}, "5": {}, "6": {}, "7": {}, "8": {}, "9": {}}, "eval_tries": 9, "visualize": false}}