{"2": {"success": [[1, 0], [2, 0], [4, 0], [3, 1]], "success_rate": 0.6, "success_rate_top3": 0.8, "model_ave_sample_time": 4.96270145893097, "success_rounds": {"1": 0, "2": 0, "4": 0, "3": 1}, "sampling_time": [[22.953733921051025, 5, 4.590746784210205], [22.911450386047363, 5, 4.582290077209473], [23.166794061660767, 5, 4.633358812332153], [23.625453233718872, 5, 4.725090646743775], [23.002073764801025, 5, 4.600414752960205], [26.504110097885132, 5, 5.300822019577026], [26.477595806121826, 5, 5.295519161224365], [26.32161021232605, 5, 5.26432204246521], [26.475534439086914, 5, 5.295106887817383], [26.69966983795166, 5, 5.339933967590332]], "all_failure_modes": {"0": {"0": [["aligned_bottom", 1, 2]], "3": [["aligned_bottom", 1, 2]]}, "1": {"0": [["aligned_bottom", 1, 2]]}, "2": {"0": [["aligned_bottom", 1, 2]]}, "3": {"0": [["aligned_bottom", 1, 2]]}, "4": {"0": [["aligned_bottom", 1, 2]]}, "5": {"0": [["aligned_bottom", 1, 2]]}, "6": {"0": [["aligned_bottom", 1, 2]]}, "7": {"0": [["aligned_bottom", 1, 2]]}, "8": {"0": [["aligned_bottom", 1, 2]]}, "9": {"0": [["aligned_bottom", 1, 2]]}}, "eval_tries": 9, "visualize": false}, "3": {"success": [[4, 0], [0, 2]], "success_rate": 0.2, "success_rate_top3": 0.4, "model_ave_sample_time": 4.6742494726181025, "success_rounds": {"4": 0, "0": 2}, "sampling_time": [[25.99051594734192, 5, 5.198103189468384], [23.108973026275635, 5, 4.621794605255127], [23.227742433547974, 5, 4.645548486709595], [23.11150860786438, 5, 4.622301721572876], [23.20438289642334, 5, 4.640876579284668], [23.34774684906006, 5, 4.669549369812012], [22.861690282821655, 5, 4.572338056564331], [22.92703104019165, 5, 4.58540620803833], [23.02743649482727, 5, 4.605487298965454], [22.909040212631226, 5, 4.581808042526245]], "all_failure_modes": {"0": {"0": [["aligned_bottom", 1, 2], ["aligned_bottom", 1, 3]], "1": [["aligned_bottom", 1, 2], ["aligned_bottom", 1, 3], ["aligned_bottom", 2, 3]], "2": [["aligned_bottom", 1, 3], ["aligned_bottom", 2, 3]], "3": [["aligned_bottom", 1, 2], ["aligned_bottom", 1, 3]]}, "1": {"0": [["aligned_bottom", 1, 2], ["aligned_bottom", 1, 3]], "1": [["aligned_bottom", 1, 2], ["aligned_bottom", 1, 3], ["aligned_bottom", 2, 3]], "2": [["aligned_bottom", 1, 2], ["aligned_bottom", 1, 3], ["aligned_bottom", 2, 3]], "3": [["aligned_bottom", 1, 2], ["aligned_bottom", 1, 3]]}, "2": {"1": [["aligned_bottom", 1, 2], ["aligned_bottom", 1, 3], ["aligned_bottom", 2, 3]], "2": [["aligned_bottom", 1, 2], ["aligned_bottom", 1, 3], ["aligned_bottom", 2, 3]], "3": [["aligned_bottom", 1, 2], ["aligned_bottom", 1, 3]]}, "3": {"1": [["aligned_bottom", 1, 2], ["aligned_bottom", 1, 3]], "2": [["aligned_bottom", 1, 2], ["aligned_bottom", 2, 3]], "3": [["aligned_bottom", 1, 2], ["aligned_bottom", 1, 3]]}, "4": {"1": [["aligned_bottom", 1, 2], ["aligned_bottom", 1, 3], ["aligned_bottom", 2, 3]], "2": [["aligned_bottom", 1, 2], ["aligned_bottom", 1, 3], ["aligned_bottom", 2, 3]], "3": [["aligned_bottom", 1, 2], ["aligned_bottom", 1, 3]]}, "5": {"1": [["aligned_bottom", 1, 2], ["aligned_bottom", 1, 3], ["aligned_bottom", 2, 3]], "2": [["aligned_bottom", 1, 2], ["aligned_bottom", 1, 3], ["aligned_bottom", 2, 3]], "3": [["aligned_bottom", 1, 2], ["aligned_bottom", 1, 3], ["aligned_bottom", 2, 3]]}, "6": {"1": [["aligned_bottom", 1, 2], ["aligned_bottom", 1, 3], ["aligned_bottom", 2, 3]], "2": [["aligned_bottom", 1, 2], ["aligned_bottom", 1, 3], ["aligned_bottom", 2, 3]], "3": [["aligned_bottom", 1, 2], ["aligned_bottom", 1, 3]]}, "7": {"1": [["aligned_bottom", 1, 2], ["aligned_bottom", 1, 3], ["aligned_bottom", 2, 3]], "2": [["aligned_bottom", 1, 3], ["aligned_bottom", 2, 3]], "3": [["aligned_bottom", 1, 2], ["aligned_bottom", 1, 3]]}, "8": {"1": [["aligned_bottom", 1, 2], ["aligned_bottom", 1, 3]], "2": [["aligned_bottom", 1, 3], ["aligned_bottom", 2, 3]], "3": [["aligned_bottom", 1, 2], ["aligned_bottom", 1, 3]]}, "9": {"1": [["aligned_bottom", 1, 2], ["aligned_bottom", 1, 3]], "2": [["aligned_bottom", 1, 3], ["aligned_bottom", 2, 3]], "3": [["aligned_bottom", 1, 2], ["aligned_bottom", 1, 3]]}}, "eval_tries": 9, "visualize": false}}