{"2": {"success": [[2, 0], [4, 0], [3, 1]], "success_rate": 0.4, "success_rate_top3": 0.6, "model_ave_sample_time": 5.037146553993225, "success_rounds": {"2": 0, "4": 0, "3": 1}, "sampling_time": [[26.209839582443237, 5, 5.2419679164886475], [26.515655040740967, 5, 5.303131008148194], [26.46370530128479, 5, 5.292741060256958], [25.646015644073486, 5, 5.129203128814697], [23.54462957382202, 5, 4.7089259147644045], [22.98345637321472, 5, 4.596691274642945], [23.424211263656616, 5, 4.684842252731324], [23.03200054168701, 5, 4.606400108337402], [22.945753574371338, 5, 4.589150714874267], [31.094943046569824, 5, 6.218988609313965]], "all_failure_modes": {"0": {"0": [["aligned_bottom", 1, 2]], "1": [["aligned_bottom", 1, 2]]}, "1": {"0": [["aligned_bottom", 1, 2]], "1": [["aligned_bottom", 1, 2]]}, "2": {"0": [["aligned_bottom", 1, 2]], "1": [["aligned_bottom", 1, 2]]}, "3": {"0": [["aligned_bottom", 1, 2]], "1": [["aligned_bottom", 1, 2]]}, "4": {"0": [["aligned_bottom", 1, 2]]}, "5": {"1": [["aligned_bottom", 1, 2]]}, "6": {"0": [["aligned_bottom", 1, 2]]}, "7": {}, "8": {"0": [["aligned_bottom", 1, 2]]}, "9": {"1": [["aligned_bottom", 1, 2]]}}, "eval_tries": 9, "visualize": false}, "3": {"success": [], "success_rate": 0.0, "success_rate_top3": 0.0, "model_ave_sample_time": 4.679028935432434, "success_rounds": {}, "sampling_time": [[23.313427686691284, 5, 4.662685537338257], [23.32576894760132, 5, 4.6651537895202635], [23.273372173309326, 5, 4.654674434661866], [23.309916496276855, 5, 4.661983299255371], [23.344584941864014, 5, 4.668916988372803], [23.62765383720398, 5, 4.725530767440796], [23.149919271469116, 5, 4.629983854293823], [23.25888204574585, 5, 4.65177640914917], [23.418834686279297, 5, 4.683766937255859], [23.93209409713745, 5, 4.786418819427491]], "all_failure_modes": {"0": {}, "1": {}, "2": {}, "3": {}, "4": {}, "5": {}, "6": {}, "7": {}, "8": {}, "9": {}}, "eval_tries": 9, "visualize": false}}