{"2": {"success": [[2, 0], [3, 0], [4, 1], [1, 2]], "success_rate": 0.4, "success_rate_top3": 0.8, "model_ave_sample_time": 8.655191416740418, "success_rounds": {"2": 0, "3": 0, "4": 1, "1": 2}, "sampling_time": [[37.1181755065918, 5, 7.423635101318359], [38.22970390319824, 5, 7.645940780639648], [41.41758060455322, 5, 8.283516120910644], [42.45767045021057, 5, 8.491534090042114], [42.412904500961304, 5, 8.48258090019226], [42.361361265182495, 5, 8.472272253036499], [48.881664752960205, 5, 9.77633295059204], [47.61921548843384, 5, 9.523843097686768], [45.879082679748535, 5, 9.175816535949707], [46.38528752326965, 5, 9.27705750465393]], "all_failure_modes": {"0": {"0": [["aligned_bottom", 1, 2]], "1": [["aligned_bottom", 1, 2]], "4": [["aligned_bottom", 1, 2]]}, "1": {"0": [["aligned_bottom", 1, 2]], "1": [["aligned_bottom", 1, 2]]}, "2": {"0": [["aligned_bottom", 1, 2]]}, "3": {"0": [["aligned_bottom", 1, 2]]}, "4": {"0": [["aligned_bottom", 1, 2]]}, "5": {"0": [["aligned_bottom", 1, 2]]}, "6": {"0": [["aligned_bottom", 1, 2]]}, "7": {"0": [["aligned_bottom", 1, 2]]}, "8": {"0": [["aligned_bottom", 1, 2]]}, "9": {"0": [["aligned_bottom", 1, 2]]}}, "eval_tries": 9, "visualize": false}, "3": {"success": [[0, 0], [4, 0]], "success_rate": 0.4, "success_rate_top3": 0.4, "model_ave_sample_time": 7.21447410106659, "success_rounds": {"0": 0, "4": 0}, "sampling_time": [[36.446850061416626, 5, 7.289370012283325], [31.402299165725708, 5, 6.280459833145142], [31.23013710975647, 5, 6.246027421951294], [31.630545377731323, 5, 6.326109075546265], [31.947576999664307, 5, 6.389515399932861], [42.58079934120178, 5, 8.516159868240356], [42.19278526306152, 5, 8.438557052612305], [37.76003432273865, 5, 7.55200686454773], [37.81533980369568, 5, 7.563067960739136], [37.72059464454651, 5, 7.544118928909302]], "all_failure_modes": {"0": {"1": [["aligned_bottom", 1, 2], ["aligned_bottom", 1, 3], ["aligned_bottom", 2, 3]]}, "1": {"1": [["aligned_bottom", 1, 2], ["aligned_bottom", 1, 3], ["aligned_bottom", 2, 3]], "2": [["aligned_bottom", 1, 2], ["aligned_bottom", 2, 3]], "3": [["aligned_bottom", 1, 2], ["aligned_bottom", 1, 3]]}, "2": {"1": [["aligned_bottom", 1, 2], ["aligned_bottom", 1, 3], ["aligned_bottom", 2, 3]], "3": [["aligned_bottom", 1, 2], ["aligned_bottom", 1, 3]]}, "3": {"1": [["aligned_bottom", 1, 2], ["aligned_bottom", 1, 3], ["aligned_bottom", 2, 3]], "2": [["aligned_bottom", 1, 3], ["aligned_bottom", 2, 3]], "3": [["aligned_bottom", 1, 2], ["aligned_bottom", 1, 3]]}, "4": {"1": [["aligned_bottom", 1, 2], ["aligned_bottom", 1, 3], ["aligned_bottom", 2, 3]], "2": [["aligned_bottom", 1, 2], ["aligned_bottom", 2, 3]], "3": [["aligned_bottom", 1, 2], ["aligned_bottom", 1, 3]]}, "5": {"1": [["aligned_bottom", 1, 2], ["aligned_bottom", 1, 3], ["aligned_bottom", 2, 3]], "2": [["aligned_bottom", 1, 2], ["aligned_bottom", 1, 3], ["aligned_bottom", 2, 3]], "3": [["aligned_bottom", 1, 2], ["aligned_bottom", 1, 3]]}, "6": {"1": [["aligned_bottom", 1, 2], ["aligned_bottom", 1, 3], ["aligned_bottom", 2, 3]], "2": [["aligned_bottom", 1, 3], ["aligned_bottom", 2, 3]], "3": [["aligned_bottom", 1, 2], ["aligned_bottom", 1, 3]]}, "7": {"1": [["aligned_bottom", 1, 2], ["aligned_bottom", 1, 3], ["aligned_bottom", 2, 3]], "2": [["aligned_bottom", 1, 3], ["aligned_bottom", 2, 3]]}, "8": {"1": [["aligned_bottom", 1, 2], ["aligned_bottom", 1, 3], ["aligned_bottom", 2, 3]], "3": [["aligned_bottom", 1, 2], ["aligned_bottom", 1, 3]]}, "9": {"1": [["aligned_bottom", 1, 2], ["aligned_bottom", 1, 3], ["aligned_bottom", 2, 3]], "2": [["aligned_bottom", 1, 2], ["aligned_bottom", 1, 3], ["aligned_bottom", 2, 3]]}}, "eval_tries": 9, "visualize": false}}