{"2": {"success": [[3, 0], [4, 3], [2, 7]], "success_rate": 0.2, "success_rate_top3": 0.6, "model_ave_sample_time": 4.938334283828736, "success_rounds": {"3": 0, "4": 3, "2": 7}, "sampling_time": [[22.936017513275146, 5, 4.587203502655029], [22.855627298355103, 5, 4.571125459671021], [26.135992527008057, 5, 5.227198505401612], [26.292213439941406, 5, 5.258442687988281], [26.184544563293457, 5, 5.236908912658691], [26.18803381919861, 5, 5.237606763839722], [26.41456174850464, 5, 5.282912349700927], [24.572731018066406, 5, 4.914546203613281], [22.639885663986206, 5, 4.527977132797242], [22.699536561965942, 5, 4.539907312393188]], "all_failure_modes": {"0": {}, "1": {"0": [["aligned_bottom", 1, 2]]}, "2": {}, "3": {"0": [["aligned_bottom", 1, 2]]}, "4": {}, "5": {"2": [["aligned_bottom", 1, 2]]}, "6": {"0": [["aligned_bottom", 1, 2]], "2": [["aligned_bottom", 1, 2]]}, "7": {}, "8": {}, "9": {}}, "eval_tries": 9, "visualize": false}, "3": {"success": [], "success_rate": 0.0, "success_rate_top3": 0.0, "model_ave_sample_time": 4.582916903495788, "success_rounds": {}, "sampling_time": [[22.99795150756836, 5, 4.599590301513672], [22.981061935424805, 5, 4.596212387084961], [22.95826816558838, 5, 4.591653633117676], [22.999080419540405, 5, 4.599816083908081], [22.9138343334198, 5, 4.58276686668396], [22.896939039230347, 5, 4.57938780784607], [22.71590805053711, 5, 4.543181610107422], [22.99590015411377, 5, 4.599180030822754], [22.848503828048706, 5, 4.569700765609741], [22.841082096099854, 5, 4.56821641921997]], "all_failure_modes": {"0": {}, "1": {}, "2": {}, "3": {}, "4": {}, "5": {"1": [["aligned_bottom", 1, 2], ["aligned_bottom", 1, 3], ["aligned_bottom", 2, 3]]}, "6": {}, "7": {}, "8": {}, "9": {}}, "eval_tries": 9, "visualize": false}}