{"2": {"success": [], "success_rate": 0.0, "success_rate_top3": 0.0, "model_ave_sample_time": 6.288073439598084, "success_rounds": {}, "sampling_time": [[29.639282703399658, 5, 5.927856540679931], [30.42971396446228, 5, 6.085942792892456], [30.43528389930725, 5, 6.0870567798614506], [30.70396327972412, 5, 6.140792655944824], [31.445213794708252, 5, 6.28904275894165], [30.061589002609253, 5, 6.012317800521851], [30.53825855255127, 5, 6.107651710510254], [33.52186393737793, 5, 6.704372787475586], [34.24794888496399, 5, 6.849589776992798], [33.38402009010315, 5, 6.67680401802063]], "all_failure_modes": {"0": {}, "1": {}, "2": {}, "3": {}, "4": {}, "5": {}, "6": {}, "7": {}, "8": {"1": [["aligned_bottom", 1, 2]]}, "9": {}}, "eval_tries": 9, "visualize": false}}