{"2": {"success": [[3, 5], [4, 5]], "success_rate": 0.0, "success_rate_top3": 0.4, "model_ave_sample_time": 6.17098379611969, "success_rounds": {"3": 5, "4": 5}, "sampling_time": [[40.677562952041626, 5, 8.135512590408325], [34.62540364265442, 5, 6.925080728530884], [35.0067093372345, 5, 7.001341867446899], [34.219451904296875, 5, 6.843890380859375], [31.467912197113037, 5, 6.293582439422607], [30.181389093399048, 5, 6.036277818679809], [30.220106601715088, 5, 6.044021320343018], [26.078967332839966, 5, 5.215793466567993], [22.99047040939331, 5, 4.598094081878662], [23.083956480026245, 5, 4.616791296005249]], "all_failure_modes": {"0": {"0": [["aligned_bottom", 1, 2]], "1": [["aligned_bottom", 1, 2]], "2": [["aligned_bottom", 1, 2]], "4": [["aligned_bottom", 1, 2]]}, "1": {"0": [["aligned_bottom", 1, 2]], "1": [["aligned_bottom", 1, 2]], "2": [["aligned_bottom", 1, 2]], "3": [["aligned_bottom", 1, 2]], "4": [["aligned_bottom", 1, 2]]}, "2": {"0": [["aligned_bottom", 1, 2]], "1": [["aligned_bottom", 1, 2]], "2": [["aligned_bottom", 1, 2]], "3": [["aligned_bottom", 1, 2]], "4": [["aligned_bottom", 1, 2]]}, "3": {"0": [["aligned_bottom", 1, 2]], "4": [["aligned_bottom", 1, 2]]}, "4": {"1": [["aligned_bottom", 1, 2]], "2": [["aligned_bottom", 1, 2]], "3": [["aligned_bottom", 1, 2]], "4": [["aligned_bottom", 1, 2]]}, "5": {"0": [["aligned_bottom", 1, 2]]}, "6": {"1": [["aligned_bottom", 1, 2]], "2": [["aligned_bottom", 1, 2]]}, "7": {"1": [["aligned_bottom", 1, 2]], "2": [["aligned_bottom", 1, 2]]}, "8": {"0": [["aligned_bottom", 1, 2]], "1": [["aligned_bottom", 1, 2]]}, "9": {"0": [["aligned_bottom", 1, 2]], "1": [["aligned_bottom", 1, 2]], "2": [["aligned_bottom", 1, 2]]}}, "eval_tries": 9, "visualize": false}, "3": {"success": [], "success_rate": 0.0, "success_rate_top3": 0.0, "model_ave_sample_time": 4.664310145378113, "success_rounds": {}, "sampling_time": [[23.24246120452881, 5, 4.648492240905762], [23.122751712799072, 5, 4.6245503425598145], [23.26568365097046, 5, 4.653136730194092], [23.112529039382935, 5, 4.622505807876587], [23.2127583026886, 5, 4.64255166053772], [23.362953424453735, 5, 4.672590684890747], [23.875494718551636, 5, 4.7750989437103275], [23.23501229286194, 5, 4.647002458572388], [23.30305814743042, 5, 4.660611629486084], [23.485477447509766, 5, 4.697095489501953]], "all_failure_modes": {"0": {}, "1": {"1": [["aligned_bottom", 1, 2], ["aligned_bottom", 1, 3], ["aligned_bottom", 2, 3]], "2": [["aligned_bottom", 1, 2], ["aligned_bottom", 1, 3], ["aligned_bottom", 2, 3]]}, "2": {}, "3": {"2": [["aligned_bottom", 1, 2], ["aligned_bottom", 1, 3], ["aligned_bottom", 2, 3]]}, "4": {}, "5": {}, "6": {}, "7": {}, "8": {}, "9": {}}, "eval_tries": 9, "visualize": false}}