{"2": {"success": [[4, 0], [2, 2], [3, 6]], "success_rate": 0.2, "success_rate_top3": 0.6, "model_ave_sample_time": 4.986103038787841, "success_rounds": {"4": 0, "2": 2, "3": 6}, "sampling_time": [[23.39197015762329, 5, 4.678394031524658], [23.567248582839966, 5, 4.713449716567993], [25.134886741638184, 5, 5.0269773483276365], [26.36758065223694, 5, 5.273516130447388], [26.336949348449707, 5, 5.267389869689941], [26.33901619911194, 5, 5.2678032398223875], [26.36738872528076, 5, 5.2734777450561525], [26.26098871231079, 5, 5.252197742462158], [22.81826949119568, 5, 4.563653898239136], [22.723259925842285, 5, 4.544651985168457]], "all_failure_modes": {"0": {"0": [["aligned_bottom", 1, 2]], "2": [["aligned_bottom", 1, 2]]}, "1": {"0": [["aligned_bottom", 1, 2]]}, "2": {"0": [["aligned_bottom", 1, 2]]}, "3": {}, "4": {"0": [["aligned_bottom", 1, 2]]}, "5": {"0": [["aligned_bottom", 1, 2]]}, "6": {"0": [["aligned_bottom", 1, 2]]}, "7": {"0": [["aligned_bottom", 1, 2]]}, "8": {}, "9": {}}, "eval_tries": 9, "visualize": false}, "3": {"success": [], "success_rate": 0.0, "success_rate_top3": 0.0, "model_ave_sample_time": 4.578755779266357, "success_rounds": {}, "sampling_time": [[22.958803176879883, 5, 4.591760635375977], [22.99702739715576, 5, 4.5994054794311525], [23.018256425857544, 5, 4.603651285171509], [22.926244497299194, 5, 4.585248899459839], [22.980238676071167, 5, 4.596047735214233], [22.864985704421997, 5, 4.572997140884399], [22.71224570274353, 5, 4.542449140548706], [22.757078647613525, 5, 4.551415729522705], [22.90685796737671, 5, 4.581371593475342], [22.81868553161621, 5, 4.563737106323242]], "all_failure_modes": {"0": {}, "1": {"2": [["aligned_bottom", 1, 3], ["aligned_bottom", 2, 3]]}, "2": {}, "3": {}, "4": {}, "5": {}, "6": {}, "7": {"2": [["aligned_bottom", 1, 2], ["aligned_bottom", 1, 3], ["aligned_bottom", 2, 3]]}, "8": {}, "9": {"2": [["aligned_bottom", 1, 3], ["aligned_bottom", 2, 3]]}}, "eval_tries": 9, "visualize": false}}