{"2": {"success": [[2, 1], [4, 6], [1, 9]], "success_rate": 0.0, "success_rate_top3": 0.6, "model_ave_sample_time": 2.321244215965271, "success_rounds": {"2": 1, "4": 6, "1": 9}, "sampling_time": [[15.899889469146729, 5, 3.1799778938293457], [15.880667686462402, 5, 3.1761335372924804], [15.839583158493042, 5, 3.1679166316986085], [15.812081575393677, 5, 3.1624163150787354], [15.876463890075684, 5, 3.1752927780151365], [13.521365880966187, 5, 2.7042731761932375], [5.924838304519653, 5, 1.1849676609039306], [5.850123167037964, 5, 1.1700246334075928], [5.825949192047119, 5, 1.165189838409424], [5.634791135787964, 5, 1.1269582271575929]], "all_failure_modes": {"0": {"3": [["aligned_bottom", 1, 2]]}, "1": {}, "2": {"4": [["aligned_bottom", 1, 2]]}, "3": {"3": [["aligned_bottom", 1, 2]]}, "4": {"3": [["aligned_bottom", 1, 2]], "4": [["aligned_bottom", 1, 2]]}, "5": {}, "6": {"0": [["aligned_bottom", 1, 2]]}, "7": {}, "8": {}, "9": {}}, "eval_tries": 9, "visualize": false}, "3": {"success": [[4, 7]], "success_rate": 0.0, "success_rate_top3": 0.2, "model_ave_sample_time": 1.1314969158172608, "success_rounds": {"4": 7}, "sampling_time": [[5.636770963668823, 5, 1.1273541927337647], [5.683696746826172, 5, 1.1367393493652345], [5.736947059631348, 5, 1.1473894119262695], [5.4180908203125, 5, 1.0836181640625], [5.418510675430298, 5, 1.0837021350860596], [5.421054840087891, 5, 1.0842109680175782], [6.207049608230591, 5, 1.241409921646118], [5.732322931289673, 5, 1.1464645862579346], [5.684788465499878, 5, 1.1369576930999756], [5.638132572174072, 5, 1.1276265144348145]], "all_failure_modes": {"0": {}, "1": {"2": [["aligned_bottom", 1, 2], ["aligned_bottom", 1, 3], ["aligned_bottom", 2, 3]]}, "2": {"4": [["aligned_bottom", 1, 2], ["aligned_bottom", 1, 3]]}, "3": {}, "4": {}, "5": {"3": [["aligned_bottom", 1, 2], ["aligned_bottom", 1, 3]]}, "6": {}, "7": {}, "8": {}, "9": {"0": [["aligned_bottom", 1, 2], ["aligned_bottom", 1, 3], ["aligned_bottom", 2, 3]]}}, "eval_tries": 9, "visualize": false}}