{"2": {"success": [[1, 1]], "success_rate": 0.0, "success_rate_top3": 0.2, "model_ave_sample_time": 1.2014681911468506, "success_rounds": {"1": 1}, "sampling_time": [[5.925025939941406, 5, 1.1850051879882812], [5.984115362167358, 5, 1.1968230724334716], [5.967205047607422, 5, 1.1934410095214845], [5.930402517318726, 5, 1.1860805034637452], [5.950755834579468, 5, 1.1901511669158935], [5.966798305511475, 5, 1.193359661102295], [6.007484436035156, 5, 1.2014968872070313], [5.953627109527588, 5, 1.1907254219055177], [5.9246721267700195, 5, 1.184934425354004], [6.467603921890259, 5, 1.2935207843780518]], "all_failure_modes": {"0": {}, "1": {"0": [["aligned_bottom", 1, 2]]}, "2": {}, "3": {}, "4": {}, "5": {}, "6": {}, "7": {}, "8": {}, "9": {}}, "eval_tries": 9, "visualize": false}, "3": {"success": [], "success_rate": 0.0, "success_rate_top3": 0.0, "model_ave_sample_time": 1.2106350040435792, "success_rounds": {}, "sampling_time": [[6.044126749038696, 5, 1.2088253498077393], [6.040302753448486, 5, 1.2080605506896973], [6.002309560775757, 5, 1.2004619121551514], [5.994431495666504, 5, 1.1988862991333007], [5.957617998123169, 5, 1.1915235996246338], [6.047813653945923, 5, 1.2095627307891845], [6.168683052062988, 5, 1.2337366104125977], [6.16561222076416, 5, 1.2331224441528321], [6.029271602630615, 5, 1.205854320526123], [6.084356069564819, 5, 1.2168712139129638]], "all_failure_modes": {"0": {}, "1": {}, "2": {}, "3": {}, "4": {}, "5": {}, "6": {}, "7": {}, "8": {}, "9": {"3": [["aligned_bottom", 1, 2], ["aligned_bottom", 1, 3], ["aligned_bottom", 2, 3]]}}, "eval_tries": 9, "visualize": false}}