{"2": {"success": [[2, 4], [3, 6], [1, 8]], "success_rate": 0.0, "success_rate_top3": 0.6, "model_ave_sample_time": 7.260605173110962, "success_rounds": {"2": 4, "3": 6, "1": 8}, "sampling_time": [[23.480535745620728, 5, 4.6961071491241455], [23.733219385147095, 5, 4.746643877029419], [23.30965495109558, 5, 4.661930990219116], [23.17752981185913, 5, 4.635505962371826], [35.49332094192505, 5, 7.09866418838501], [44.101099252700806, 5, 8.82021985054016], [46.43407130241394, 5, 9.286814260482789], [47.5313241481781, 5, 9.50626482963562], [47.76118516921997, 5, 9.552237033843994], [48.01094055175781, 5, 9.602188110351562]], "all_failure_modes": {"0": {"2": [["aligned_bottom", 1, 2]]}, "1": {"0": [["aligned_bottom", 1, 2]], "3": [["aligned_bottom", 1, 2]], "4": [["aligned_bottom", 1, 2]]}, "2": {"0": [["aligned_bottom", 1, 2]], "1": [["aligned_bottom", 1, 2]], "4": [["aligned_bottom", 1, 2]]}, "3": {"4": [["aligned_bottom", 1, 2]]}, "4": {"3": [["aligned_bottom", 1, 2]]}, "5": {"0": [["aligned_bottom", 1, 2]], "1": [["aligned_bottom", 1, 2]]}, "6": {"4": [["aligned_bottom", 1, 2]]}, "7": {"1": [["aligned_bottom", 1, 2]]}, "8": {"0": [["aligned_bottom", 1, 2]]}, "9": {"4": [["aligned_bottom", 1, 2]]}}, "eval_tries": 9, "visualize": false}, "3": {"success": [], "success_rate": 0.0, "success_rate_top3": 0.0, "model_ave_sample_time": 6.909979801177978, "success_rounds": {}, "sampling_time": [[47.74597096443176, 5, 9.549194192886352], [47.06349015235901, 5, 9.412698030471802], [45.37770366668701, 5, 9.075540733337402], [45.48172616958618, 5, 9.096345233917237], [41.94535827636719, 5, 8.389071655273437], [25.196244955062866, 5, 5.039248991012573], [23.35173487663269, 5, 4.670346975326538], [23.257002115249634, 5, 4.651400423049926], [23.130332231521606, 5, 4.626066446304321], [22.954156637191772, 5, 4.590831327438354]], "all_failure_modes": {"0": {"2": [["aligned_bottom", 1, 3], ["aligned_bottom", 2, 3]]}, "1": {"4": [["aligned_bottom", 1, 2], ["aligned_bottom", 1, 3]]}, "2": {"0": [["aligned_bottom", 1, 2], ["aligned_bottom", 1, 3], ["aligned_bottom", 2, 3]], "1": [["aligned_bottom", 1, 2], ["aligned_bottom", 2, 3]], "4": [["aligned_bottom", 1, 2], ["aligned_bottom", 1, 3]]}, "3": {"1": [["aligned_bottom", 1, 2], ["aligned_bottom", 2, 3]]}, "4": {"1": [["aligned_bottom", 1, 2], ["aligned_bottom", 1, 3], ["aligned_bottom", 2, 3]], "2": [["aligned_bottom", 1, 3], ["aligned_bottom", 2, 3]]}, "5": {}, "6": {"2": [["aligned_bottom", 1, 2], ["aligned_bottom", 1, 3], ["aligned_bottom", 2, 3]], "3": [["aligned_bottom", 1, 2], ["aligned_bottom", 1, 3], ["aligned_bottom", 2, 3]], "4": [["aligned_bottom", 1, 2], ["aligned_bottom", 1, 3]]}, "7": {}, "8": {"3": [["aligned_bottom", 1, 2], ["aligned_bottom", 1, 3], ["aligned_bottom", 2, 3]]}, "9": {"0": [["aligned_bottom", 1, 2], ["aligned_bottom", 1, 3]], "3": [["aligned_bottom", 1, 2], ["aligned_bottom", 1, 3], ["aligned_bottom", 2, 3]], "4": [["aligned_bottom", 1, 2], ["aligned_bottom", 1, 3]]}}, "eval_tries": 9, "visualize": false}}