{"2": {"success": [[1, 1]], "success_rate": 0.0, "success_rate_top3": 0.2, "model_ave_sample_time": 1.1573858737945557, "success_rounds": {"1": 1}, "sampling_time": [[5.466448068618774, 5, 1.0932896137237549], [5.546992540359497, 5, 1.1093985080718993], [5.569453477859497, 5, 1.1138906955718995], [6.08269476890564, 5, 1.216538953781128], [5.709316968917847, 5, 1.1418633937835694], [6.011408090591431, 5, 1.202281618118286], [5.878003120422363, 5, 1.1756006240844727], [5.814220666885376, 5, 1.1628441333770752], [5.99791407585144, 5, 1.199582815170288], [5.795233488082886, 5, 1.1590466976165772]], "all_failure_modes": {"0": {}, "1": {}, "2": {"4": [["aligned_bottom", 1, 2]]}, "3": {}, "4": {}, "5": {}, "6": {"4": [["aligned_bottom", 1, 2]]}, "7": {}, "8": {"4": [["aligned_bottom", 1, 2]]}, "9": {}}, "eval_tries": 9, "visualize": false}, "3": {"success": [[0, 0]], "success_rate": 0.2, "success_rate_top3": 0.2, "model_ave_sample_time": 1.1463633680343628, "success_rounds": {"0": 0}, "sampling_time": [[5.491376161575317, 5, 1.0982752323150635], [5.478233098983765, 5, 1.095646619796753], [5.482744216918945, 5, 1.096548843383789], [6.027332544326782, 5, 1.2054665088653564], [5.882404327392578, 5, 1.1764808654785157], [5.484745025634766, 5, 1.096949005126953], [5.599292755126953, 5, 1.1198585510253907], [5.833845853805542, 5, 1.1667691707611083], [6.071685791015625, 5, 1.214337158203125], [5.96898627281189, 5, 1.1937972545623778]], "all_failure_modes": {"0": {}, "1": {}, "2": {}, "3": {"4": [["aligned_bottom", 1, 2], ["aligned_bottom", 1, 3]]}, "4": {}, "5": {"3": [["aligned_bottom", 1, 2], ["aligned_bottom", 1, 3], ["aligned_bottom", 2, 3]]}, "6": {}, "7": {"2": [["aligned_bottom", 1, 3], ["aligned_bottom", 2, 3]]}, "8": {"1": [["aligned_bottom", 1, 2], ["aligned_bottom", 1, 3], ["aligned_bottom", 2, 3]]}, "9": {}}, "eval_tries": 9, "visualize": false}}