{"2": {"success": [[2, 0], [4, 0], [1, 5]], "success_rate": 0.4, "success_rate_top3": 0.6, "model_ave_sample_time": 4.63679527759552, "success_rounds": {"2": 0, "4": 0, "1": 5}, "sampling_time": [[23.52213954925537, 5, 4.704427909851074], [23.2931547164917, 5, 4.6586309432983395], [23.322392463684082, 5, 4.664478492736817], [23.27547335624695, 5, 4.6550946712493895], [23.178372859954834, 5, 4.635674571990966], [23.07914924621582, 5, 4.615829849243164], [23.082356929779053, 5, 4.61647138595581], [23.083414793014526, 5, 4.6166829586029055], [23.0561466217041, 5, 4.611229324340821], [22.949841022491455, 5, 4.589968204498291]], "all_failure_modes": {"0": {"0": [["aligned_bottom", 1, 2]], "1": [["aligned_bottom", 1, 2]], "3": [["aligned_bottom", 1, 2]]}, "1": {"0": [["aligned_bottom", 1, 2]], "1": [["aligned_bottom", 1, 2]], "3": [["aligned_bottom", 1, 2]]}, "2": {"0": [["aligned_bottom", 1, 2]], "1": [["aligned_bottom", 1, 2]], "3": [["aligned_bottom", 1, 2]]}, "3": {"0": [["aligned_bottom", 1, 2]], "1": [["aligned_bottom", 1, 2]], "3": [["aligned_bottom", 1, 2]]}, "4": {"0": [["aligned_bottom", 1, 2]], "1": [["aligned_bottom", 1, 2]], "3": [["aligned_bottom", 1, 2]]}, "5": {"0": [["aligned_bottom", 1, 2]], "3": [["aligned_bottom", 1, 2]]}, "6": {"0": [["aligned_bottom", 1, 2]], "3": [["aligned_bottom", 1, 2]]}, "7": {"0": [["aligned_bottom", 1, 2]], "3": [["aligned_bottom", 1, 2]]}, "8": {"0": [["aligned_bottom", 1, 2]], "3": [["aligned_bottom", 1, 2]]}, "9": {"0": [["aligned_bottom", 1, 2]], "3": [["aligned_bottom", 1, 2]]}}, "eval_tries": 9, "visualize": false}, "3": {"success": [[1, 4]], "success_rate": 0.0, "success_rate_top3": 0.2, "model_ave_sample_time": 4.550601754188538, "success_rounds": {"1": 4}, "sampling_time": [[22.816353797912598, 5, 4.56327075958252], [22.866883277893066, 5, 4.573376655578613], [22.80006217956543, 5, 4.560012435913086], [22.882081985473633, 5, 4.576416397094727], [22.873051643371582, 5, 4.574610328674316], [22.779603242874146, 5, 4.555920648574829], [22.879486083984375, 5, 4.575897216796875], [22.515252113342285, 5, 4.503050422668457], [22.565149545669556, 5, 4.513029909133911], [22.55486536026001, 5, 4.510973072052002]], "all_failure_modes": {"0": {"0": [["aligned_bottom", 1, 2], ["aligned_bottom", 1, 3]], "1": [["aligned_bottom", 1, 2], ["aligned_bottom", 2, 3]], "2": [["aligned_bottom", 1, 3], ["aligned_bottom", 2, 3]], "3": [["aligned_bottom", 1, 2], ["aligned_bottom", 1, 3], ["aligned_bottom", 2, 3]], "4": [["aligned_bottom", 1, 2], ["aligned_bottom", 1, 3]]}, "1": {"0": [["aligned_bottom", 1, 2], ["aligned_bottom", 1, 3], ["aligned_bottom", 2, 3]], "1": [["aligned_bottom", 1, 2], ["aligned_bottom", 1, 3], ["aligned_bottom", 2, 3]], "2": [["aligned_bottom", 1, 3], ["aligned_bottom", 2, 3]], "3": [["aligned_bottom", 1, 2], ["aligned_bottom", 1, 3], ["aligned_bottom", 2, 3]], "4": [["aligned_bottom", 1, 2], ["aligned_bottom", 1, 3]]}, "2": {"0": [["aligned_bottom", 1, 2], ["aligned_bottom", 1, 3]], "1": [["aligned_bottom", 1, 2], ["aligned_bottom", 2, 3]], "2": [["aligned_bottom", 1, 2], ["aligned_bottom", 1, 3], ["aligned_bottom", 2, 3]], "3": [["aligned_bottom", 1, 2], ["aligned_bottom", 1, 3], ["aligned_bottom", 2, 3]], "4": [["aligned_bottom", 1, 2], ["aligned_bottom", 1, 3]]}, "3": {"0": [["aligned_bottom", 1, 2], ["aligned_bottom", 1, 3], ["aligned_bottom", 2, 3]], "1": [["aligned_bottom", 1, 2], ["aligned_bottom", 2, 3]], "2": [["aligned_bottom", 1, 2], ["aligned_bottom", 2, 3]], "3": [["aligned_bottom", 1, 2], ["aligned_bottom", 1, 3], ["aligned_bottom", 2, 3]], "4": [["aligned_bottom", 1, 2], ["aligned_bottom", 1, 3]]}, "4": {"0": [["aligned_bottom", 1, 2], ["aligned_bottom", 1, 3], ["aligned_bottom", 2, 3]], "2": [["aligned_bottom", 1, 3], ["aligned_bottom", 2, 3]], "3": [["aligned_bottom", 1, 2], ["aligned_bottom", 1, 3], ["aligned_bottom", 2, 3]], "4": [["aligned_bottom", 1, 2], ["aligned_bottom", 1, 3]]}, "5": {"0": [["aligned_bottom", 1, 2], ["aligned_bottom", 1, 3], ["aligned_bottom", 2, 3]], "2": [["aligned_bottom", 1, 2], ["aligned_bottom", 1, 3], ["aligned_bottom", 2, 3]], "3": [["aligned_bottom", 1, 2], ["aligned_bottom", 1, 3], ["aligned_bottom", 2, 3]], "4": [["aligned_bottom", 1, 2], ["aligned_bottom", 1, 3]]}, "6": {"0": [["aligned_bottom", 1, 2], ["aligned_bottom", 1, 3]], "2": [["aligned_bottom", 1, 3], ["aligned_bottom", 2, 3]], "3": [["aligned_bottom", 1, 2], ["aligned_bottom", 1, 3], ["aligned_bottom", 2, 3]], "4": [["aligned_bottom", 1, 2], ["aligned_bottom", 1, 3]]}, "7": {"0": [["aligned_bottom", 1, 2], ["aligned_bottom", 1, 3], ["aligned_bottom", 2, 3]], "2": [["aligned_bottom", 2, 3]], "3": [["aligned_bottom", 1, 2], ["aligned_bottom", 1, 3], ["aligned_bottom", 2, 3]], "4": [["aligned_bottom", 1, 2], ["aligned_bottom", 1, 3]]}, "8": {"0": [["aligned_bottom", 1, 2], ["aligned_bottom", 1, 3], ["aligned_bottom", 2, 3]], "2": [["aligned_bottom", 1, 3], ["aligned_bottom", 2, 3]], "3": [["aligned_bottom", 1, 2], ["aligned_bottom", 1, 3], ["aligned_bottom", 2, 3]], "4": [["aligned_bottom", 1, 2], ["aligned_bottom", 1, 3]]}, "9": {"0": [["aligned_bottom", 1, 2], ["aligned_bottom", 1, 3], ["aligned_bottom", 2, 3]], "2": [["aligned_bottom", 1, 3], ["aligned_bottom", 2, 3]], "3": [["aligned_bottom", 1, 2], ["aligned_bottom", 1, 3], ["aligned_bottom", 2, 3]], "4": [["aligned_bottom", 1, 2], ["aligned_bottom", 1, 3]]}}, "eval_tries": 9, "visualize": false}}