{"2": {"success": [[1, 0], [3, 0], [4, 0], [2, 1]], "success_rate": 0.6, "success_rate_top3": 0.8, "model_ave_sample_time": 4.58840581893921, "success_rounds": {"1": 0, "3": 0, "4": 0, "2": 1}, "sampling_time": [[22.92927050590515, 5, 4.58585410118103], [22.82306742668152, 5, 4.564613485336304], [22.87050986289978, 5, 4.574101972579956], [23.295790672302246, 5, 4.65915813446045], [23.08154559135437, 5, 4.616309118270874], [23.006929636001587, 5, 4.601385927200317], [23.346930980682373, 5, 4.669386196136474], [22.49956488609314, 5, 4.499912977218628], [22.871521472930908, 5, 4.574304294586182], [22.697922468185425, 5, 4.539584493637085]], "all_failure_modes": {"0": {"0": [["aligned_bottom", 1, 2]], "2": [["aligned_bottom", 1, 2]]}, "1": {"0": [["aligned_bottom", 1, 2]]}, "2": {"0": [["aligned_bottom", 1, 2]]}, "3": {"0": [["aligned_bottom", 1, 2]]}, "4": {"0": [["aligned_bottom", 1, 2]]}, "5": {"0": [["aligned_bottom", 1, 2]]}, "6": {"0": [["aligned_bottom", 1, 2]]}, "7": {"0": [["aligned_bottom", 1, 2]]}, "8": {"0": [["aligned_bottom", 1, 2]]}, "9": {"0": [["aligned_bottom", 1, 2]]}}, "eval_tries": 9, "visualize": false}, "3": {"success": [], "success_rate": 0.0, "success_rate_top3": 0.0, "model_ave_sample_time": 5.802904849052429, "success_rounds": {}, "sampling_time": [[22.87160086631775, 5, 4.5743201732635494], [22.808005332946777, 5, 4.561601066589356], [31.29697895050049, 5, 6.259395790100098], [29.5723295211792, 5, 5.91446590423584], [30.533514261245728, 5, 6.106702852249145], [30.517467975616455, 5, 6.103493595123291], [30.52861523628235, 5, 6.10572304725647], [31.447097539901733, 5, 6.289419507980346], [30.150980234146118, 5, 6.030196046829223], [30.42175841331482, 5, 6.084351682662964]], "all_failure_modes": {"0": {"0": [["aligned_bottom", 1, 3], ["aligned_bottom", 2, 3]], "1": [["aligned_bottom", 1, 2], ["aligned_bottom", 1, 3], ["aligned_bottom", 2, 3]], "2": [["aligned_bottom", 1, 3], ["aligned_bottom", 2, 3]], "3": [["aligned_bottom", 1, 2], ["aligned_bottom", 1, 3], ["aligned_bottom", 2, 3]], "4": [["aligned_bottom", 1, 2], ["aligned_bottom", 1, 3]]}, "1": {"0": [["aligned_bottom", 1, 3], ["aligned_bottom", 2, 3]], "2": [["aligned_bottom", 1, 3], ["aligned_bottom", 2, 3]], "3": [["aligned_bottom", 1, 2], ["aligned_bottom", 1, 3], ["aligned_bottom", 2, 3]], "4": [["aligned_bottom", 1, 2], ["aligned_bottom", 1, 3]]}, "2": {"0": [["aligned_bottom", 1, 2], ["aligned_bottom", 1, 3]]}, "3": {"1": [["aligned_bottom", 1, 2], ["aligned_bottom", 1, 3], ["aligned_bottom", 2, 3]], "2": [["aligned_bottom", 1, 3], ["aligned_bottom", 2, 3]], "3": [["aligned_bottom", 1, 2], ["aligned_bottom", 1, 3], ["aligned_bottom", 2, 3]], "4": [["aligned_bottom", 1, 2], ["aligned_bottom", 1, 3]]}, "4": {"1": [["aligned_bottom", 1, 2], ["aligned_bottom", 2, 3]]}, "5": {"1": [["aligned_bottom", 1, 2], ["aligned_bottom", 1, 3], ["aligned_bottom", 2, 3]], "4": [["aligned_bottom", 1, 3], ["aligned_bottom", 2, 3]]}, "6": {"1": [["aligned_bottom", 1, 2], ["aligned_bottom", 1, 3], ["aligned_bottom", 2, 3]], "2": [["aligned_bottom", 1, 3], ["aligned_bottom", 2, 3]], "4": [["aligned_bottom", 1, 3], ["aligned_bottom", 2, 3]]}, "7": {"1": [["aligned_bottom", 1, 2], ["aligned_bottom", 1, 3], ["aligned_bottom", 2, 3]], "2": [["aligned_bottom", 1, 3], ["aligned_bottom", 2, 3]], "3": [["aligned_bottom", 1, 2], ["aligned_bottom", 1, 3], ["aligned_bottom", 2, 3]], "4": [["aligned_bottom", 1, 2], ["aligned_bottom", 1, 3]]}, "8": {"0": [["aligned_bottom", 1, 3], ["aligned_bottom", 2, 3]], "4": [["aligned_bottom", 1, 3], ["aligned_bottom", 2, 3]]}, "9": {"0": [["aligned_bottom", 1, 3], ["aligned_bottom", 2, 3]], "4": [["aligned_bottom", 1, 3], ["aligned_bottom", 2, 3]]}}, "eval_tries": 9, "visualize": false}}