{"2": {"success": [], "success_rate": 0.0, "success_rate_top3": 0.0, "model_ave_sample_time": 1.2069528198242188, "success_rounds": {}, "sampling_time": [[6.0590362548828125, 5, 1.2118072509765625], [6.014716863632202, 5, 1.2029433727264405], [5.965400218963623, 5, 1.1930800437927247], [5.9768266677856445, 5, 1.1953653335571288], [5.9615638256073, 5, 1.19231276512146], [5.995008230209351, 5, 1.1990016460418702], [5.976663589477539, 5, 1.1953327178955078], [5.9484357833862305, 5, 1.189687156677246], [5.969742059707642, 5, 1.1939484119415282], [6.484657526016235, 5, 1.296931505203247]], "all_failure_modes": {"0": {}, "1": {}, "2": {}, "3": {"1": [["aligned_bottom", 1, 2]]}, "4": {}, "5": {"4": [["aligned_bottom", 1, 2]]}, "6": {}, "7": {}, "8": {}, "9": {}}, "eval_tries": 9, "visualize": false}}