{"2": {"success": [[2, 1], [4, 3]], "success_rate": 0.0, "success_rate_top3": 0.4, "model_ave_sample_time": 1.1109352445602416, "success_rounds": {"2": 1, "4": 3}, "sampling_time": [[5.522268533706665, 5, 1.104453706741333], [5.6347291469573975, 5, 1.1269458293914796], [5.486867666244507, 5, 1.0973735332489014], [5.641933917999268, 5, 1.1283867835998536], [5.438056945800781, 5, 1.0876113891601562], [5.4080681800842285, 5, 1.0816136360168458], [5.527909994125366, 5, 1.1055819988250732], [5.475164890289307, 5, 1.0950329780578614], [5.766491889953613, 5, 1.1532983779907227], [5.647383689880371, 5, 1.1294767379760742]], "all_failure_modes": {"0": {}, "1": {"0": [["aligned_bottom", 1, 2]]}, "2": {}, "3": {}, "4": {}, "5": {}, "6": {}, "7": {}, "8": {"1": [["aligned_bottom", 1, 2]]}, "9": {}}, "eval_tries": 9, "visualize": false}, "3": {"success": [], "success_rate": 0.0, "success_rate_top3": 0.0, "model_ave_sample_time": 1.0969459342956545, "success_rounds": {}, "sampling_time": [[5.780044317245483, 5, 1.1560088634490966], [5.5546698570251465, 5, 1.1109339714050293], [5.50876259803772, 5, 1.101752519607544], [5.365972280502319, 5, 1.0731944561004638], [5.367830038070679, 5, 1.0735660076141358], [5.357367515563965, 5, 1.0714735031127929], [5.476968050003052, 5, 1.0953936100006103], [5.316272735595703, 5, 1.0632545471191406], [5.370477914810181, 5, 1.0740955829620362], [5.751111745834351, 5, 1.1502223491668702]], "all_failure_modes": {"0": {"4": [["aligned_bottom", 1, 2], ["aligned_bottom", 1, 3]]}, "1": {}, "2": {"4": [["aligned_bottom", 1, 2], ["aligned_bottom", 1, 3]]}, "3": {}, "4": {"0": [["aligned_bottom", 1, 2], ["aligned_bottom", 1, 3]]}, "5": {"2": [["aligned_bottom", 1, 2], ["aligned_bottom", 2, 3]], "3": [["aligned_bottom", 1, 2], ["aligned_bottom", 1, 3], ["aligned_bottom", 2, 3]]}, "6": {}, "7": {"0": [["aligned_bottom", 1, 2], ["aligned_bottom", 1, 3]]}, "8": {}, "9": {}}, "eval_tries": 9, "visualize": false}}