{"2": {"success": [[4, 0], [1, 1], [2, 1]], "success_rate": 0.2, "success_rate_top3": 0.6, "model_ave_sample_time": 4.801294360160828, "success_rounds": {"4": 0, "1": 1, "2": 1}, "sampling_time": [[22.975720405578613, 5, 4.5951440811157225], [23.507911205291748, 5, 4.701582241058349], [23.305248260498047, 5, 4.661049652099609], [23.047382354736328, 5, 4.609476470947266], [22.89297342300415, 5, 4.57859468460083], [29.266343355178833, 5, 5.853268671035766], [25.217189073562622, 5, 5.043437814712524], [23.284602642059326, 5, 4.656920528411865], [23.358089923858643, 5, 4.6716179847717285], [23.211639881134033, 5, 4.642327976226807]], "all_failure_modes": {"0": {"0": [["aligned_bottom", 1, 2]]}, "1": {}, "2": {}, "3": {}, "4": {"0": [["aligned_bottom", 1, 2]]}, "5": {}, "6": {}, "7": {"0": [["aligned_bottom", 1, 2]], "3": [["aligned_bottom", 1, 2]]}, "8": {"3": [["aligned_bottom", 1, 2]]}, "9": {}}, "eval_tries": 9, "visualize": false}, "3": {"success": [], "success_rate": 0.0, "success_rate_top3": 0.0, "model_ave_sample_time": 4.687371678352356, "success_rounds": {}, "sampling_time": [[23.34056782722473, 5, 4.668113565444946], [23.455934047698975, 5, 4.691186809539795], [23.524380922317505, 5, 4.704876184463501], [23.17259955406189, 5, 4.634519910812378], [23.40110468864441, 5, 4.6802209377288815], [23.895606756210327, 5, 4.779121351242066], [23.620113134384155, 5, 4.724022626876831], [23.25533652305603, 5, 4.651067304611206], [23.24956774711609, 5, 4.649913549423218], [23.456444263458252, 5, 4.691288852691651]], "all_failure_modes": {"0": {}, "1": {"3": [["aligned_bottom", 1, 2], ["aligned_bottom", 1, 3], ["aligned_bottom", 2, 3]]}, "2": {}, "3": {"4": [["aligned_bottom", 1, 2], ["aligned_bottom", 1, 3]]}, "4": {"0": [["aligned_bottom", 1, 2], ["aligned_bottom", 1, 3]], "3": [["aligned_bottom", 1, 2], ["aligned_bottom", 1, 3], ["aligned_bottom", 2, 3]], "4": [["aligned_bottom", 1, 2], ["aligned_bottom", 1, 3]]}, "5": {"1": [["aligned_bottom", 1, 2], ["aligned_bottom", 1, 3], ["aligned_bottom", 2, 3]]}, "6": {}, "7": {"1": [["aligned_bottom", 1, 2], ["aligned_bottom", 2, 3]], "2": [["aligned_bottom", 1, 2], ["aligned_bottom", 2, 3]]}, "8": {}, "9": {"1": [["aligned_bottom", 1, 2], ["aligned_bottom", 1, 3], ["aligned_bottom", 2, 3]], "2": [["aligned_bottom", 1, 2], ["aligned_bottom", 2, 3]], "3": [["aligned_bottom", 1, 2], ["aligned_bottom", 1, 3], ["aligned_bottom", 2, 3]]}}, "eval_tries": 9, "visualize": false}}