{"2": {"success": [[2, 0], [1, 1]], "success_rate": 0.2, "success_rate_top3": 0.4, "model_ave_sample_time": 4.567764029502869, "success_rounds": {"2": 0, "1": 1}, "sampling_time": [[22.801087141036987, 5, 4.560217428207397], [22.986564874649048, 5, 4.597312974929809], [22.97763442993164, 5, 4.595526885986328], [22.900732040405273, 5, 4.580146408081054], [22.94806170463562, 5, 4.589612340927124], [22.868331909179688, 5, 4.573666381835937], [22.66557478904724, 5, 4.533114957809448], [22.52797818183899, 5, 4.505595636367798], [22.97186803817749, 5, 4.594373607635498], [22.74320149421692, 5, 4.548640298843384]], "all_failure_modes": {"0": {"0": [["aligned_bottom", 1, 2]], "1": [["aligned_bottom", 1, 2]], "3": [["aligned_bottom", 1, 2]], "4": [["aligned_bottom", 1, 2]]}, "1": {"0": [["aligned_bottom", 1, 2]], "3": [["aligned_bottom", 1, 2]], "4": [["aligned_bottom", 1, 2]]}, "2": {"0": [["aligned_bottom", 1, 2]], "3": [["aligned_bottom", 1, 2]], "4": [["aligned_bottom", 1, 2]]}, "3": {"0": [["aligned_bottom", 1, 2]], "3": [["aligned_bottom", 1, 2]], "4": [["aligned_bottom", 1, 2]]}, "4": {"0": [["aligned_bottom", 1, 2]], "3": [["aligned_bottom", 1, 2]], "4": [["aligned_bottom", 1, 2]]}, "5": {"0": [["aligned_bottom", 1, 2]], "3": [["aligned_bottom", 1, 2]], "4": [["aligned_bottom", 1, 2]]}, "6": {"0": [["aligned_bottom", 1, 2]], "3": [["aligned_bottom", 1, 2]], "4": [["aligned_bottom", 1, 2]]}, "7": {"0": [["aligned_bottom", 1, 2]], "3": [["aligned_bottom", 1, 2]], "4": [["aligned_bottom", 1, 2]]}, "8": {"0": [["aligned_bottom", 1, 2]], "3": [["aligned_bottom", 1, 2]], "4": [["aligned_bottom", 1, 2]]}, "9": {"0": [["aligned_bottom", 1, 2]], "3": [["aligned_bottom", 1, 2]], "4": [["aligned_bottom", 1, 2]]}}, "eval_tries": 9, "visualize": false}, "3": {"success": [[2, 2]], "success_rate": 0.0, "success_rate_top3": 0.2, "model_ave_sample_time": 4.634781584739685, "success_rounds": {"2": 2}, "sampling_time": [[23.085165977478027, 5, 4.617033195495606], [22.939037322998047, 5, 4.587807464599609], [23.07090950012207, 5, 4.614181900024414], [23.10969591140747, 5, 4.621939182281494], [23.188458681106567, 5, 4.6376917362213135], [23.08074188232422, 5, 4.616148376464844], [23.40019416809082, 5, 4.680038833618164], [23.16643238067627, 5, 4.633286476135254], [23.62337875366211, 5, 4.7246757507324215], [23.078225135803223, 5, 4.615645027160644]], "all_failure_modes": {"0": {"0": [["aligned_bottom", 1, 2], ["aligned_bottom", 1, 3], ["aligned_bottom", 2, 3]], "1": [["aligned_bottom", 1, 2], ["aligned_bottom", 1, 3], ["aligned_bottom", 2, 3]], "2": [["aligned_bottom", 1, 2], ["aligned_bottom", 2, 3]], "3": [["aligned_bottom", 1, 2], ["aligned_bottom", 1, 3], ["aligned_bottom", 2, 3]], "4": [["aligned_bottom", 1, 2], ["aligned_bottom", 1, 3]]}, "1": {"0": [["aligned_bottom", 1, 2], ["aligned_bottom", 1, 3], ["aligned_bottom", 2, 3]], "1": [["aligned_bottom", 1, 2], ["aligned_bottom", 1, 3], ["aligned_bottom", 2, 3]], "2": [["aligned_bottom", 1, 2], ["aligned_bottom", 2, 3]], "3": [["aligned_bottom", 1, 2], ["aligned_bottom", 1, 3], ["aligned_bottom", 2, 3]], "4": [["aligned_bottom", 1, 2], ["aligned_bottom", 1, 3]]}, "2": {"0": [["aligned_bottom", 1, 2], ["aligned_bottom", 1, 3], ["aligned_bottom", 2, 3]], "1": [["aligned_bottom", 1, 2], ["aligned_bottom", 1, 3], ["aligned_bottom", 2, 3]], "3": [["aligned_bottom", 1, 2], ["aligned_bottom", 1, 3], ["aligned_bottom", 2, 3]], "4": [["aligned_bottom", 1, 2], ["aligned_bottom", 1, 3]]}, "3": {"0": [["aligned_bottom", 1, 2], ["aligned_bottom", 1, 3], ["aligned_bottom", 2, 3]], "1": [["aligned_bottom", 1, 2], ["aligned_bottom", 1, 3], ["aligned_bottom", 2, 3]], "3": [["aligned_bottom", 1, 2], ["aligned_bottom", 1, 3], ["aligned_bottom", 2, 3]], "4": [["aligned_bottom", 1, 2], ["aligned_bottom", 1, 3]]}, "4": {"0": [["aligned_bottom", 1, 2], ["aligned_bottom", 1, 3], ["aligned_bottom", 2, 3]], "1": [["aligned_bottom", 1, 2], ["aligned_bottom", 1, 3], ["aligned_bottom", 2, 3]], "3": [["aligned_bottom", 1, 2], ["aligned_bottom", 1, 3], ["aligned_bottom", 2, 3]], "4": [["aligned_bottom", 1, 2], ["aligned_bottom", 1, 3]]}, "5": {"0": [["aligned_bottom", 1, 2], ["aligned_bottom", 1, 3]], "1": [["aligned_bottom", 1, 2], ["aligned_bottom", 1, 3], ["aligned_bottom", 2, 3]], "3": [["aligned_bottom", 1, 2], ["aligned_bottom", 1, 3], ["aligned_bottom", 2, 3]], "4": [["aligned_bottom", 1, 2], ["aligned_bottom", 1, 3]]}, "6": {"0": [["aligned_bottom", 1, 2], ["aligned_bottom", 1, 3], ["aligned_bottom", 2, 3]], "1": [["aligned_bottom", 1, 2], ["aligned_bottom", 1, 3], ["aligned_bottom", 2, 3]], "3": [["aligned_bottom", 1, 2], ["aligned_bottom", 1, 3], ["aligned_bottom", 2, 3]], "4": [["aligned_bottom", 1, 2], ["aligned_bottom", 1, 3]]}, "7": {"0": [["aligned_bottom", 1, 2], ["aligned_bottom", 1, 3]], "1": [["aligned_bottom", 1, 3], ["aligned_bottom", 2, 3]], "3": [["aligned_bottom", 1, 2], ["aligned_bottom", 1, 3], ["aligned_bottom", 2, 3]], "4": [["aligned_bottom", 1, 2], ["aligned_bottom", 1, 3]]}, "8": {"0": [["aligned_bottom", 1, 2], ["aligned_bottom", 1, 3], ["aligned_bottom", 2, 3]], "1": [["aligned_bottom", 1, 2], ["aligned_bottom", 1, 3], ["aligned_bottom", 2, 3]], "3": [["aligned_bottom", 1, 2], ["aligned_bottom", 1, 3]], "4": [["aligned_bottom", 1, 2], ["aligned_bottom", 1, 3]]}, "9": {"0": [["aligned_bottom", 1, 2], ["aligned_bottom", 1, 3], ["aligned_bottom", 2, 3]], "1": [["aligned_bottom", 1, 2], ["aligned_bottom", 1, 3], ["aligned_bottom", 2, 3]], "3": [["aligned_bottom", 1, 2], ["aligned_bottom", 1, 3], ["aligned_bottom", 2, 3]], "4": [["aligned_bottom", 1, 2], ["aligned_bottom", 1, 3]]}}, "eval_tries": 9, "visualize": false}}