{"2": {"success": [[2, 0], [4, 1]], "success_rate": 0.2, "success_rate_top3": 0.4, "model_ave_sample_time": 3.1074270248413085, "success_rounds": {"2": 0, "4": 1}, "sampling_time": [[15.370319366455078, 5, 3.0740638732910157], [15.821917533874512, 5, 3.1643835067749024], [15.542927980422974, 5, 3.1085855960845947], [15.791935443878174, 5, 3.1583870887756347], [15.541837692260742, 5, 3.1083675384521485], [15.492832660675049, 5, 3.0985665321350098], [15.443526983261108, 5, 3.0887053966522218], [15.491538524627686, 5, 3.098307704925537], [15.492894649505615, 5, 3.098578929901123], [15.383736610412598, 5, 3.0767473220825194]], "all_failure_modes": {"0": {"0": [["in", 1, 0], ["in", 2, 0], ["cfree", 1, 2], ["aligned_bottom", 1, 2]], "1": [["in", 1, 0], ["in", 2, 0], ["cfree", 1, 2], ["aligned_bottom", 1, 2]], "3": [["in", 1, 0], ["in", 2, 0], ["cfree", 1, 2], ["aligned_bottom", 1, 2]], "4": [["aligned_bottom", 1, 2]]}, "1": {"0": [["in", 1, 0], ["in", 2, 0], ["cfree", 1, 2], ["aligned_bottom", 1, 2]], "1": [["aligned_bottom", 1, 2]], "3": [["in", 1, 0], ["in", 2, 0], ["cfree", 1, 2]]}, "2": {"0": [["in", 1, 0], ["in", 2, 0], ["cfree", 1, 2], ["aligned_bottom", 1, 2]], "1": [["aligned_bottom", 1, 2]], "3": [["aligned_bottom", 1, 2]]}, "3": {"0": [["in", 1, 0], ["in", 2, 0], ["cfree", 1, 2], ["aligned_bottom", 1, 2]], "1": [["in", 1, 0], ["in", 2, 0], ["cfree", 1, 2], ["aligned_bottom", 1, 2]], "3": [["aligned_bottom", 1, 2]]}, "4": {"0": [["in", 1, 0], ["in", 2, 0], ["cfree", 1, 2], ["aligned_bottom", 1, 2]], "1": [["aligned_bottom", 1, 2]], "3": [["aligned_bottom", 1, 2]]}, "5": {"0": [["in", 1, 0], ["in", 2, 0], ["cfree", 1, 2], ["aligned_bottom", 1, 2]], "1": [["in", 1, 0], ["in", 2, 0], ["cfree", 1, 2], ["aligned_bottom", 1, 2]], "3": [["in", 1, 0], ["in", 2, 0], ["cfree", 1, 2]]}, "6": {"0": [["in", 1, 0], ["in", 2, 0], ["cfree", 1, 2], ["aligned_bottom", 1, 2]], "1": [["aligned_bottom", 1, 2]], "3": [["in", 1, 0], ["in", 2, 0], ["cfree", 1, 2]]}, "7": {"0": [["in", 1, 0], ["in", 2, 0], ["cfree", 1, 2], ["aligned_bottom", 1, 2]], "1": [["in", 1, 0], ["in", 2, 0], ["cfree", 1, 2], ["aligned_bottom", 1, 2]], "3": [["aligned_bottom", 1, 2]]}, "8": {"0": [["in", 1, 0], ["in", 2, 0], ["cfree", 1, 2], ["aligned_bottom", 1, 2]], "1": [["in", 1, 0], ["in", 2, 0], ["cfree", 1, 2], ["aligned_bottom", 1, 2]], "3": [["aligned_bottom", 1, 2]]}, "9": {"0": [["in", 1, 0], ["in", 2, 0], ["cfree", 1, 2], ["aligned_bottom", 1, 2]], "1": [["in", 1, 0], ["in", 2, 0], ["cfree", 1, 2], ["aligned_bottom", 1, 2]], "3": [["aligned_bottom", 1, 2]]}}, "eval_tries": 9, "visualize": false}, "3": {"success": [], "success_rate": 0.0, "success_rate_top3": 0.0, "model_ave_sample_time": 3.0006346893310547, "success_rounds": {}, "sampling_time": [[15.846896886825562, 5, 3.169379377365112], [15.855879783630371, 5, 3.171175956726074], [15.602339506149292, 5, 3.1204679012298584], [15.57910966873169, 5, 3.115821933746338], [15.379920482635498, 5, 3.0759840965270997], [15.414682865142822, 5, 3.0829365730285643], [14.601253986358643, 5, 2.9202507972717284], [13.857771635055542, 5, 2.7715543270111085], [13.904645442962646, 5, 2.7809290885925293], [13.99162483215332, 5, 2.798324966430664]], "all_failure_modes": {"0": {"0": [["in", 1, 0], ["in", 2, 0], ["in", 3, 0], ["cfree", 1, 2], ["cfree", 1, 3], ["cfree", 2, 3], ["aligned_bottom", 1, 2], ["aligned_bottom", 1, 3], ["aligned_bottom", 2, 3]], "1": [["in", 1, 0], ["in", 2, 0], ["in", 3, 0], ["cfree", 1, 2], ["cfree", 1, 3], ["cfree", 2, 3], ["aligned_bottom", 1, 2], ["aligned_bottom", 1, 3], ["aligned_bottom", 2, 3]], "2": [["in", 1, 0], ["in", 2, 0], ["in", 3, 0], ["cfree", 1, 2], ["cfree", 1, 3], ["cfree", 2, 3], ["aligned_bottom", 1, 2], ["aligned_bottom", 1, 3], ["aligned_bottom", 2, 3]], "3": [["aligned_bottom", 1, 2], ["aligned_bottom", 1, 3], ["aligned_bottom", 2, 3]], "4": [["in", 1, 0], ["in", 2, 0], ["in", 3, 0], ["cfree", 1, 2], ["cfree", 1, 3], ["cfree", 2, 3]]}, "1": {"0": [["in", 1, 0], ["in", 2, 0], ["in", 3, 0], ["cfree", 1, 2], ["cfree", 1, 3], ["cfree", 2, 3]], "1": [["in", 1, 0], ["in", 2, 0], ["in", 3, 0], ["cfree", 1, 2], ["cfree", 1, 3], ["cfree", 2, 3], ["aligned_bottom", 1, 3], ["aligned_bottom", 2, 3]], "2": [["in", 1, 0], ["in", 2, 0], ["in", 3, 0], ["cfree", 1, 2], ["cfree", 1, 3], ["cfree", 2, 3], ["aligned_bottom", 1, 2], ["aligned_bottom", 2, 3]], "3": [["in", 1, 0], ["in", 2, 0], ["in", 3, 0], ["cfree", 1, 2], ["cfree", 1, 3], ["cfree", 2, 3], ["aligned_bottom", 1, 2], ["aligned_bottom", 1, 3]], "4": [["in", 1, 0], ["in", 2, 0], ["in", 3, 0], ["cfree", 1, 2], ["cfree", 1, 3], ["cfree", 2, 3], ["aligned_bottom", 1, 2], ["aligned_bottom", 1, 3]]}, "2": {"0": [["in", 1, 0], ["in", 2, 0], ["in", 3, 0], ["cfree", 1, 2], ["cfree", 1, 3], ["cfree", 2, 3]], "1": [["in", 1, 0], ["in", 2, 0], ["in", 3, 0], ["cfree", 1, 2], ["cfree", 1, 3], ["cfree", 2, 3], ["aligned_bottom", 1, 2], ["aligned_bottom", 1, 3], ["aligned_bottom", 2, 3]], "2": [["in", 1, 0], ["in", 2, 0], ["in", 3, 0], ["cfree", 1, 2], ["cfree", 1, 3], ["cfree", 2, 3], ["aligned_bottom", 1, 3], ["aligned_bottom", 2, 3]], "3": [["in", 1, 0], ["in", 2, 0], ["in", 3, 0], ["cfree", 1, 2], ["cfree", 1, 3], ["cfree", 2, 3], ["aligned_bottom", 1, 2], ["aligned_bottom", 1, 3], ["aligned_bottom", 2, 3]], "4": [["in", 1, 0], ["in", 2, 0], ["in", 3, 0], ["cfree", 1, 2], ["cfree", 1, 3], ["cfree", 2, 3]]}, "3": {"0": [["in", 1, 0], ["in", 2, 0], ["in", 3, 0], ["cfree", 1, 2], ["cfree", 1, 3], ["cfree", 2, 3], ["aligned_bottom", 1, 2], ["aligned_bottom", 1, 3], ["aligned_bottom", 2, 3]], "1": [["in", 1, 0], ["in", 2, 0], ["in", 3, 0], ["cfree", 1, 2], ["cfree", 1, 3], ["cfree", 2, 3], ["aligned_bottom", 1, 2], ["aligned_bottom", 1, 3], ["aligned_bottom", 2, 3]], "2": [["in", 1, 0], ["in", 2, 0], ["in", 3, 0], ["cfree", 1, 2], ["cfree", 1, 3], ["cfree", 2, 3], ["aligned_bottom", 1, 3], ["aligned_bottom", 2, 3]], "3": [["in", 1, 0], ["in", 2, 0], ["in", 3, 0], ["cfree", 1, 2], ["cfree", 1, 3], ["cfree", 2, 3], ["aligned_bottom", 1, 2], ["aligned_bottom", 1, 3]], "4": [["in", 1, 0], ["in", 2, 0], ["in", 3, 0], ["cfree", 1, 2], ["cfree", 1, 3], ["cfree", 2, 3], ["aligned_bottom", 1, 2], ["aligned_bottom", 1, 3]]}, "4": {"0": [["in", 1, 0], ["in", 2, 0], ["in", 3, 0], ["cfree", 1, 2], ["cfree", 1, 3], ["cfree", 2, 3]], "1": [["in", 1, 0], ["in", 2, 0], ["in", 3, 0], ["cfree", 1, 2], ["cfree", 1, 3], ["cfree", 2, 3], ["aligned_bottom", 1, 2], ["aligned_bottom", 2, 3]], "2": [["in", 1, 0], ["in", 2, 0], ["in", 3, 0], ["cfree", 1, 2], ["cfree", 1, 3], ["cfree", 2, 3], ["aligned_bottom", 1, 3], ["aligned_bottom", 2, 3]], "3": [["in", 1, 0], ["in", 2, 0], ["in", 3, 0], ["cfree", 1, 2], ["cfree", 1, 3], ["cfree", 2, 3], ["aligned_bottom", 1, 2], ["aligned_bottom", 1, 3]], "4": [["in", 1, 0], ["in", 2, 0], ["in", 3, 0], ["cfree", 1, 2], ["cfree", 1, 3], ["cfree", 2, 3]]}, "5": {"0": [["in", 1, 0], ["in", 2, 0], ["in", 3, 0], ["cfree", 1, 2], ["cfree", 1, 3], ["cfree", 2, 3]], "1": [["in", 1, 0], ["in", 2, 0], ["in", 3, 0], ["cfree", 1, 2], ["cfree", 1, 3], ["cfree", 2, 3], ["aligned_bottom", 1, 2], ["aligned_bottom", 1, 3], ["aligned_bottom", 2, 3]], "2": [["in", 1, 0], ["in", 2, 0], ["in", 3, 0], ["cfree", 1, 2], ["cfree", 1, 3], ["cfree", 2, 3], ["aligned_bottom", 1, 3], ["aligned_bottom", 2, 3]], "3": [["aligned_bottom", 1, 2], ["aligned_bottom", 1, 3], ["aligned_bottom", 2, 3]], "4": [["in", 1, 0], ["in", 2, 0], ["in", 3, 0], ["cfree", 1, 2], ["cfree", 1, 3], ["cfree", 2, 3]]}, "6": {"0": [["in", 1, 0], ["in", 2, 0], ["in", 3, 0], ["cfree", 1, 2], ["cfree", 1, 3], ["cfree", 2, 3], ["aligned_bottom", 1, 2], ["aligned_bottom", 1, 3], ["aligned_bottom", 2, 3]], "1": [["in", 1, 0], ["in", 2, 0], ["in", 3, 0], ["cfree", 1, 2], ["cfree", 1, 3], ["cfree", 2, 3], ["aligned_bottom", 1, 2], ["aligned_bottom", 1, 3], ["aligned_bottom", 2, 3]],