{"2": {"success": [], "success_rate": 0.0, "success_rate_top3": 0.0, "model_ave_sample_time": 3.0636078691482544, "success_rounds": {}, "sampling_time": [[13.653347253799438, 5, 2.730669450759888], [13.828579425811768, 5, 2.7657158851623533], [15.172563791275024, 5, 3.034512758255005], [15.564674139022827, 5, 3.1129348278045654], [15.538022994995117, 5, 3.1076045989990235], [16.005053997039795, 5, 3.201010799407959], [15.690338850021362, 5, 3.1380677700042723], [16.173521518707275, 5, 3.234704303741455], [15.778072834014893, 5, 3.1556145668029787], [15.778536796569824, 5, 3.155707359313965]], "all_failure_modes": {"0": {"0": [["in", 1, 0], ["in", 2, 0], ["cfree", 1, 2], ["aligned_bottom", 1, 2]], "1": [["in", 1, 0], ["in", 2, 0], ["cfree", 1, 2], ["aligned_bottom", 1, 2]], "2": [["in", 1, 0], ["in", 2, 0], ["cfree", 1, 2]], "3": [["in", 1, 0], ["in", 2, 0], ["cfree", 1, 2]], "4": [["in", 1, 0], ["in", 2, 0], ["cfree", 1, 2]]}, "1": {"0": [["in", 1, 0], ["in", 2, 0], ["cfree", 1, 2], ["aligned_bottom", 1, 2]], "1": [["in", 1, 0], ["in", 2, 0], ["cfree", 1, 2], ["aligned_bottom", 1, 2]], "2": [["in", 1, 0], ["in", 2, 0], ["cfree", 1, 2]], "3": [["in", 1, 0], ["in", 2, 0], ["cfree", 1, 2], ["aligned_bottom", 1, 2]], "4": [["in", 1, 0], ["in", 2, 0], ["cfree", 1, 2]]}, "2": {"0": [["in", 1, 0], ["in", 2, 0], ["cfree", 1, 2], ["aligned_bottom", 1, 2]], "1": [["in", 1, 0], ["in", 2, 0], ["cfree", 1, 2], ["aligned_bottom", 1, 2]], "2": [["in", 1, 0], ["in", 2, 0], ["cfree", 1, 2]], "3": [["aligned_bottom", 1, 2]], "4": [["in", 1, 0], ["in", 2, 0], ["cfree", 1, 2]]}, "3": {"0": [["in", 1, 0], ["in", 2, 0], ["cfree", 1, 2], ["aligned_bottom", 1, 2]], "1": [["in", 1, 0], ["in", 2, 0], ["cfree", 1, 2], ["aligned_bottom", 1, 2]], "2": [["in", 1, 0], ["in", 2, 0], ["cfree", 1, 2]], "3": [["in", 1, 0], ["in", 2, 0], ["cfree", 1, 2]], "4": [["in", 1, 0], ["in", 2, 0], ["cfree", 1, 2]]}, "4": {"0": [["in", 1, 0], ["in", 2, 0], ["cfree", 1, 2], ["aligned_bottom", 1, 2]], "1": [["in", 1, 0], ["in", 2, 0], ["cfree", 1, 2], ["aligned_bottom", 1, 2]], "2": [["in", 1, 0], ["in", 2, 0], ["cfree", 1, 2]], "3": [["in", 1, 0], ["in", 2, 0], ["cfree", 1, 2]], "4": [["in", 1, 0], ["in", 2, 0], ["cfree", 1, 2]]}, "5": {"0": [["in", 1, 0], ["in", 2, 0], ["cfree", 1, 2], ["aligned_bottom", 1, 2]], "1": [["in", 1, 0], ["in", 2, 0], ["cfree", 1, 2], ["aligned_bottom", 1, 2]], "2": [["in", 1, 0], ["in", 2, 0], ["cfree", 1, 2]], "3": [["in", 1, 0], ["in", 2, 0], ["cfree", 1, 2]], "4": [["in", 1, 0], ["in", 2, 0], ["cfree", 1, 2]]}, "6": {"0": [["in", 1, 0], ["in", 2, 0], ["cfree", 1, 2], ["aligned_bottom", 1, 2]], "1": [["in", 1, 0], ["in", 2, 0], ["cfree", 1, 2], ["aligned_bottom", 1, 2]], "2": [["in", 1, 0], ["in", 2, 0], ["cfree", 1, 2]], "3": [["in", 1, 0], ["in", 2, 0], ["cfree", 1, 2]], "4": [["in", 1, 0], ["in", 2, 0], ["cfree", 1, 2]]}, "7": {"0": [["in", 1, 0], ["in", 2, 0], ["cfree", 1, 2], ["aligned_bottom", 1, 2]], "1": [["in", 1, 0], ["in", 2, 0], ["cfree", 1, 2], ["aligned_bottom", 1, 2]], "2": [["in", 1, 0], ["in", 2, 0], ["cfree", 1, 2]], "3": [["in", 1, 0], ["in", 2, 0], ["cfree", 1, 2]], "4": [["in", 1, 0], ["in", 2, 0], ["cfree", 1, 2]]}, "8": {"0": [["in", 1, 0], ["in", 2, 0], ["cfree", 1, 2], ["aligned_bottom", 1, 2]], "1": [["in", 1, 0], ["in", 2, 0], ["cfree", 1, 2], ["aligned_bottom", 1, 2]], "2": [["in", 1, 0], ["in", 2, 0], ["cfree", 1, 2]], "3": [["in", 1, 0], ["in", 2, 0], ["cfree", 1, 2]], "4": [["in", 1, 0], ["in", 2, 0], ["cfree", 1, 2]]}, "9": {"0": [["in", 1, 0], ["in", 2, 0], ["cfree", 1, 2], ["aligned_bottom", 1, 2]], "1": [["in", 1, 0], ["in", 2, 0], ["cfree", 1, 2], ["aligned_bottom", 1, 2]], "2": [["in", 1, 0], ["in", 2, 0], ["cfree", 1, 2]], "3": [["in", 1, 0], ["in", 2, 0], ["cfree", 1, 2]], "4": [["in", 1, 0], ["in", 2, 0], ["cfree", 1, 2]]}}, "eval_tries": 9, "visualize": false}}