{"2": {"success": [], "success_rate": 0.0, "success_rate_top3": 0.0, "model_ave_sample_time": 2.8269065856933593, "success_rounds": {}, "sampling_time": [[15.413226842880249, 5, 3.08264536857605], [15.304164171218872, 5, 3.0608328342437745], [14.46776795387268, 5, 2.893553590774536], [13.695265293121338, 5, 2.7390530586242674], [13.821880102157593, 5, 2.7643760204315186], [13.727411270141602, 5, 2.74548225402832], [13.683394193649292, 5, 2.7366788387298584], [13.731738328933716, 5, 2.746347665786743], [13.82528567314148, 5, 2.7650571346282957], [13.677396774291992, 5, 2.7354793548583984]], "all_failure_modes": {"0": {"0": [["in", 1, 0], ["in", 2, 0], ["cfree", 1, 2], ["aligned_bottom", 1, 2]], "1": [["in", 1, 0], ["in", 2, 0], ["cfree", 1, 2], ["aligned_bottom", 1, 2]], "2": [["in", 1, 0], ["in", 2, 0], ["cfree", 1, 2]], "3": [["in", 1, 0], ["in", 2, 0], ["cfree", 1, 2]], "4": [["in", 1, 0], ["in", 2, 0], ["cfree", 1, 2]]}, "1": {"0": [["in", 1, 0], ["in", 2, 0], ["cfree", 1, 2], ["aligned_bottom", 1, 2]], "1": [["in", 1, 0], ["in", 2, 0], ["cfree", 1, 2], ["aligned_bottom", 1, 2]], "2": [["in", 1, 0], ["in", 2, 0], ["cfree", 1, 2]], "3": [["in", 1, 0], ["in", 2, 0], ["cfree", 1, 2]], "4": [["in", 1, 0], ["in", 2, 0], ["cfree", 1, 2]]}, "2": {"0": [["in", 1, 0], ["in", 2, 0], ["cfree", 1, 2], ["aligned_bottom", 1, 2]], "1": [["in", 1, 0], ["in", 2, 0], ["cfree", 1, 2], ["aligned_bottom", 1, 2]], "2": [["in", 1, 0], ["in", 2, 0], ["cfree", 1, 2]], "3": [["in", 1, 0], ["in", 2, 0], ["cfree", 1, 2]], "4": [["in", 1, 0], ["in", 2, 0], ["cfree", 1, 2]]}, "3": {"0": [["in", 1, 0], ["in", 2, 0], ["cfree", 1, 2], ["aligned_bottom", 1, 2]], "1": [["in", 1, 0], ["in", 2, 0], ["cfree", 1, 2], ["aligned_bottom", 1, 2]], "2": [["in", 1, 0], ["in", 2, 0], ["cfree", 1, 2]], "3": [["in", 1, 0], ["in", 2, 0], ["cfree", 1, 2]], "4": [["in", 1, 0], ["in", 2, 0], ["cfree", 1, 2]]}, "4": {"0": [["in", 1, 0], ["in", 2, 0], ["cfree", 1, 2], ["aligned_bottom", 1, 2]], "1": [["in", 1, 0], ["in", 2, 0], ["cfree", 1, 2], ["aligned_bottom", 1, 2]], "2": [["in", 1, 0], ["in", 2, 0], ["cfree", 1, 2]], "3": [["in", 1, 0], ["in", 2, 0], ["cfree", 1, 2]], "4": [["in", 1, 0], ["in", 2, 0], ["cfree", 1, 2]]}, "5": {"0": [["in", 1, 0], ["in", 2, 0], ["cfree", 1, 2], ["aligned_bottom", 1, 2]], "1": [["in", 1, 0], ["in", 2, 0], ["cfree", 1, 2], ["aligned_bottom", 1, 2]], "2": [["in", 1, 0], ["in", 2, 0], ["cfree", 1, 2]], "3": [["in", 1, 0], ["in", 2, 0], ["cfree", 1, 2]], "4": [["in", 1, 0], ["in", 2, 0], ["cfree", 1, 2]]}, "6": {"0": [["in", 1, 0], ["in", 2, 0], ["cfree", 1, 2], ["aligned_bottom", 1, 2]], "1": [["in", 1, 0], ["in", 2, 0], ["cfree", 1, 2], ["aligned_bottom", 1, 2]], "2": [["in", 1, 0], ["in", 2, 0], ["cfree", 1, 2]], "3": [["in", 1, 0], ["in", 2, 0], ["cfree", 1, 2]], "4": [["in", 1, 0], ["in", 2, 0], ["cfree", 1, 2]]}, "7": {"0": [["in", 1, 0], ["in", 2, 0], ["cfree", 1, 2], ["aligned_bottom", 1, 2]], "1": [["aligned_bottom", 1, 2]], "2": [["in", 1, 0], ["in", 2, 0], ["cfree", 1, 2]], "3": [["in", 1, 0], ["in", 2, 0], ["cfree", 1, 2]], "4": [["in", 1, 0], ["in", 2, 0], ["cfree", 1, 2]]}, "8": {"0": [["in", 1, 0], ["in", 2, 0], ["cfree", 1, 2], ["aligned_bottom", 1, 2]], "1": [["in", 1, 0], ["in", 2, 0], ["cfree", 1, 2], ["aligned_bottom", 1, 2]], "2": [["in", 1, 0], ["in", 2, 0], ["cfree", 1, 2]], "3": [["in", 1, 0], ["in", 2, 0], ["cfree", 1, 2]], "4": [["in", 1, 0], ["in", 2, 0], ["cfree", 1, 2]]}, "9": {"0": [["in", 1, 0], ["in", 2, 0], ["cfree", 1, 2], ["aligned_bottom", 1, 2]], "1": [["in", 1, 0], ["in", 2, 0], ["cfree", 1, 2], ["aligned_bottom", 1, 2]], "2": [["in", 1, 0], ["in", 2, 0], ["cfree", 1, 2]], "3": [["in", 1, 0], ["in", 2, 0], ["cfree", 1, 2]], "4": [["in", 1, 0], ["in", 2, 0], ["cfree", 1, 2]]}}, "eval_tries": 9, "visualize": false}}