{"2": {"success": [], "success_rate": 0.0, "success_rate_top3": 0.0, "model_ave_sample_time": 3.046015167236328, "success_rounds": {}, "sampling_time": [[15.32068395614624, 5, 3.064136791229248], [15.407945394515991, 5, 3.0815890789031983], [15.480950117111206, 5, 3.096190023422241], [15.233306169509888, 5, 3.0466612339019776], [15.253385066986084, 5, 3.050677013397217], [15.25950574874878, 5, 3.0519011497497557], [15.18036413192749, 5, 3.036072826385498], [15.317917108535767, 5, 3.063583421707153], [15.276692628860474, 5, 3.0553385257720946], [14.57210922241211, 5, 2.9144218444824217]], "all_failure_modes": {"0": {"0": [["in", 1, 0], ["in", 2, 0], ["cfree", 1, 2], ["aligned_bottom", 1, 2]], "1": [["in", 1, 0], ["in", 2, 0], ["cfree", 1, 2], ["aligned_bottom", 1, 2]], "2": [["in", 1, 0], ["in", 2, 0], ["cfree", 1, 2]], "3": [["in", 1, 0], ["in", 2, 0], ["cfree", 1, 2]], "4": [["in", 1, 0], ["in", 2, 0], ["cfree", 1, 2]]}, "1": {"0": [["in", 1, 0], ["in", 2, 0], ["cfree", 1, 2], ["aligned_bottom", 1, 2]], "1": [["in", 1, 0], ["in", 2, 0], ["cfree", 1, 2], ["aligned_bottom", 1, 2]], "2": [["in", 1, 0], ["in", 2, 0], ["cfree", 1, 2]], "3": [["in", 1, 0], ["in", 2, 0], ["cfree", 1, 2]], "4": [["in", 1, 0], ["in", 2, 0], ["cfree", 1, 2]]}, "2": {"0": [["in", 1, 0], ["in", 2, 0], ["cfree", 1, 2], ["aligned_bottom", 1, 2]], "1": [["in", 1, 0], ["in", 2, 0], ["cfree", 1, 2], ["aligned_bottom", 1, 2]], "2": [["in", 1, 0], ["in", 2, 0], ["cfree", 1, 2]], "3": [["in", 1, 0], ["in", 2, 0], ["cfree", 1, 2]], "4": [["in", 1, 0], ["in", 2, 0], ["cfree", 1, 2]]}, "3": {"0": [["in", 1, 0], ["in", 2, 0], ["cfree", 1, 2], ["aligned_bottom", 1, 2]], "1": [["in", 1, 0], ["in", 2, 0], ["cfree", 1, 2], ["aligned_bottom", 1, 2]], "2": [["in", 1, 0], ["in", 2, 0], ["cfree", 1, 2]], "3": [["in", 1, 0], ["in", 2, 0], ["cfree", 1, 2]], "4": [["in", 1, 0], ["in", 2, 0], ["cfree", 1, 2]]}, "4": {"0": [["in", 1, 0], ["in", 2, 0], ["cfree", 1, 2], ["aligned_bottom", 1, 2]], "1": [["in", 1, 0], ["in", 2, 0], ["cfree", 1, 2], ["aligned_bottom", 1, 2]], "2": [["in", 1, 0], ["in", 2, 0], ["cfree", 1, 2]], "3": [["in", 1, 0], ["in", 2, 0], ["cfree", 1, 2]], "4": [["in", 1, 0], ["in", 2, 0], ["cfree", 1, 2]]}, "5": {"0": [["in", 1, 0], ["in", 2, 0], ["cfree", 1, 2], ["aligned_bottom", 1, 2]], "1": [["in", 1, 0], ["in", 2, 0], ["cfree", 1, 2], ["aligned_bottom", 1, 2]], "2": [["in", 1, 0], ["in", 2, 0], ["cfree", 1, 2]], "3": [["in", 1, 0], ["in", 2, 0], ["cfree", 1, 2]], "4": [["in", 1, 0], ["in", 2, 0], ["cfree", 1, 2]]}, "6": {"0": [["in", 1, 0], ["in", 2, 0], ["cfree", 1, 2], ["aligned_bottom", 1, 2]], "1": [["in", 1, 0], ["in", 2, 0], ["cfree", 1, 2], ["aligned_bottom", 1, 2]], "2": [["in", 1, 0], ["in", 2, 0], ["cfree", 1, 2]], "3": [["in", 1, 0], ["in", 2, 0], ["cfree", 1, 2]], "4": [["in", 1, 0], ["in", 2, 0], ["cfree", 1, 2]]}, "7": {"0": [["in", 1, 0], ["in", 2, 0], ["cfree", 1, 2], ["aligned_bottom", 1, 2]], "1": [["in", 1, 0], ["in", 2, 0], ["cfree", 1, 2], ["aligned_bottom", 1, 2]], "2": [["in", 1, 0], ["in", 2, 0], ["cfree", 1, 2]], "3": [["in", 1, 0], ["in", 2, 0], ["cfree", 1, 2]], "4": [["in", 1, 0], ["in", 2, 0], ["cfree", 1, 2]]}, "8": {"0": [["in", 1, 0], ["in", 2, 0], ["cfree", 1, 2], ["aligned_bottom", 1, 2]], "1": [["in", 1, 0], ["in", 2, 0], ["cfree", 1, 2], ["aligned_bottom", 1, 2]], "2": [["in", 1, 0], ["in", 2, 0], ["cfree", 1, 2], ["aligned_bottom", 1, 2]], "3": [["in", 1, 0], ["in", 2, 0], ["cfree", 1, 2]], "4": [["in", 1, 0], ["in", 2, 0], ["cfree", 1, 2]]}, "9": {"0": [["in", 1, 0], ["in", 2, 0], ["cfree", 1, 2], ["aligned_bottom", 1, 2]], "1": [["in", 1, 0], ["in", 2, 0], ["cfree", 1, 2], ["aligned_bottom", 1, 2]], "2": [["in", 1, 0], ["in", 2, 0], ["cfree", 1, 2]], "3": [["in", 1, 0], ["in", 2, 0], ["cfree", 1, 2]], "4": [["in", 1, 0], ["in", 2, 0], ["cfree", 1, 2]]}}, "eval_tries": 9, "visualize": false}}