{"8": {"success": [], "success_rate": 0.0, "success_rate_top3": 0.0, "model_ave_sample_time": 1.7766926023695204, "success_rounds": {}, "sampling_time": [[5.2433531284332275, 3, 1.7477843761444092], [5.271129369735718, 3, 1.7570431232452393], [5.476126194000244, 3, 1.8253753980000813]], "all_failure_modes": {"0": {}, "1": {}, "2": {}}, "eval_tries": 2, "visualize": true}}