{"2": {"success": [[0, 0], [1, 0], [6, 0], [8, 0], [9, 0], [2, 3], [5, 3]], "success_rate": 0.5, "success_rate_top3": 0.7, "model_ave_sample_time": 3.1056904363632203, "success_rounds": {"0": 0, "1": 0, "6": 0, "8": 0, "9": 0, "2": 3, "5": 3}, "sampling_time": [[31.538108348846436, 10, 3.1538108348846436], [30.812321186065674, 10, 3.081232118606567], [30.872864246368408, 10, 3.087286424636841], [30.79200291633606, 10, 3.079200291633606], [31.270357847213745, 10, 3.1270357847213743]], "all_failure_modes": {"0": {"2": [["aligned_bottom", 1, 2]], "3": [["aligned_bottom", 1, 2]], "4": [["aligned_bottom", 1, 2]], "5": [["aligned_bottom", 1, 2]], "7": [["aligned_bottom", 1, 2]]}, "1": {"2": [["aligned_bottom", 1, 2]], "3": [["aligned_bottom", 1, 2]], "4": [["aligned_bottom", 1, 2]], "5": [["aligned_bottom", 1, 2]], "7": [["aligned_bottom", 1, 2]]}, "2": {"2": [["aligned_bottom", 1, 2]], "3": [["aligned_bottom", 1, 2]], "4": [["aligned_bottom", 1, 2]], "5": [["aligned_bottom", 1, 2]], "7": [["aligned_bottom", 1, 2]]}, "3": {"3": [["aligned_bottom", 1, 2]], "4": [["aligned_bottom", 1, 2]], "7": [["aligned_bottom", 1, 2]]}, "4": {"3": [["aligned_bottom", 1, 2]], "4": [["aligned_bottom", 1, 2]], "7": [["aligned_bottom", 1, 2]]}}, "eval_tries": 4, "visualize": true}, "3": {"success": [], "success_rate": 0.0, "success_rate_top3": 0.0, "model_ave_sample_time": 3.28857241153717, "success_rounds": {}, "sampling_time": [[31.13731050491333, 10, 3.113731050491333], [30.913023233413696, 10, 3.0913023233413695], [32.84337115287781, 10, 3.284337115287781], [34.831106185913086, 10, 3.4831106185913088], [34.70522403717041, 10, 3.470522403717041]], "all_failure_modes": {"0": {"0": [["aligned_bottom", 1, 2], ["aligned_bottom", 1, 3]], "1": [["aligned_bottom", 1, 2], ["aligned_bottom", 1, 3], ["aligned_bottom", 2, 3]], "2": [["aligned_bottom", 1, 2], ["aligned_bottom", 1, 3], ["aligned_bottom", 2, 3]], "3": [["aligned_bottom", 1, 2], ["aligned_bottom", 1, 3], ["aligned_bottom", 2, 3]], "4": [["aligned_bottom", 1, 3], ["aligned_bottom", 2, 3]], "5": [["aligned_bottom", 1, 2], ["aligned_bottom", 1, 3], ["aligned_bottom", 2, 3]], "6": [["aligned_bottom", 1, 2], ["aligned_bottom", 1, 3]], "7": [["aligned_bottom", 1, 2], ["aligned_bottom", 1, 3]], "8": [["aligned_bottom", 1, 3], ["aligned_bottom", 2, 3]], "9": [["aligned_bottom", 1, 3], ["aligned_bottom", 2, 3]]}, "1": {"0": [["aligned_bottom", 1, 3], ["aligned_bottom", 2, 3]], "1": [["aligned_bottom", 1, 2], ["aligned_bottom", 1, 3], ["aligned_bottom", 2, 3]], "2": [["aligned_bottom", 1, 2], ["aligned_bottom", 1, 3], ["aligned_bottom", 2, 3]], "4": [["aligned_bottom", 1, 3], ["aligned_bottom", 2, 3]], "5": [["aligned_bottom", 1, 2], ["aligned_bottom", 1, 3], ["aligned_bottom", 2, 3]], "6": [["aligned_bottom", 1, 2], ["aligned_bottom", 1, 3]], "8": [["aligned_bottom", 1, 3], ["aligned_bottom", 2, 3]]}, "2": {"0": [["aligned_bottom", 1, 3], ["aligned_bottom", 2, 3]], "1": [["aligned_bottom", 1, 2], ["aligned_bottom", 1, 3]], "2": [["aligned_bottom", 1, 2], ["aligned_bottom", 1, 3], ["aligned_bottom", 2, 3]], "4": [["aligned_bottom", 1, 3], ["aligned_bottom", 2, 3]], "5": [["aligned_bottom", 1, 2], ["aligned_bottom", 1, 3], ["aligned_bottom", 2, 3]], "7": [["aligned_bottom", 1, 2], ["aligned_bottom", 1, 3]], "8": [["aligned_bottom", 1, 3], ["aligned_bottom", 2, 3]], "9": [["aligned_bottom", 1, 2], ["aligned_bottom", 1, 3], ["aligned_bottom", 2, 3]]}, "3": {"0": [["aligned_bottom", 1, 3], ["aligned_bottom", 2, 3]], "1": [["aligned_bottom", 1, 2], ["aligned_bottom", 1, 3]], "4": [["aligned_bottom", 1, 3], ["aligned_bottom", 2, 3]], "5": [["aligned_bottom", 1, 2], ["aligned_bottom", 1, 3], ["aligned_bottom", 2, 3]], "6": [["aligned_bottom", 1, 2], ["aligned_bottom", 1, 3]], "8": [["aligned_bottom", 1, 3], ["aligned_bottom", 2, 3]], "9": [["aligned_bottom", 1, 3], ["aligned_bottom", 2, 3]]}, "4": {"0": [["aligned_bottom", 1, 3], ["aligned_bottom", 2, 3]], "1": [["aligned_bottom", 1, 2], ["aligned_bottom", 1, 3]], "2": [["aligned_bottom", 1, 2], ["aligned_bottom", 1, 3], ["aligned_bottom", 2, 3]], "5": [["aligned_bottom", 1, 2], ["aligned_bottom", 1, 3], ["aligned_bottom", 2, 3]], "6": [["aligned_bottom", 1, 2], ["aligned_bottom", 1, 3]], "7": [["aligned_bottom", 1, 2], ["aligned_bottom", 1, 3]], "8": [["aligned_bottom", 1, 3], ["aligned_bottom", 2, 3]]}}, "eval_tries": 4, "visualize": true}}